path	sha256	bytes	kind	author	license	source	generator
RaylibUI/FOSSart/Advances/advancedflight.jpg	fde891c0cc527bb993d191de0b8bae4f0e52793ad79ce4954bd883205cf64e46	424929	project-original-art	crhy and rhYciv contributors	GPL-3.0-only	https://github.com/crhy/rhYciv	none
RaylibUI/FOSSart/Advances/alphabet.jpg	02fab95818d5b2fab1fd827849afbec62be36fea8d1f4e839a02a06021953921	414884	project-original-art	crhy and rhYciv contributors	GPL-3.0-only	https://github.com/crhy/rhYciv	none
RaylibUI/FOSSart/Advances/amphibiouswarfare.jpg	d5b25ada35837a21e8f1824bced09fe570faa0ff7c820588932a6e22fc7731cb	311242	project-original-art	crhy and rhYciv contributors	GPL-3.0-only	https://github.com/crhy/rhYciv	none
RaylibUI/FOSSart/Advances/astronomy.jpg	886b48837b9c572c624b6f6906bb4b370d0f653c162b6a7ccc53f7293d5ea235	451935	project-original-art	crhy and rhYciv contributors	GPL-3.0-only	https://github.com/crhy/rhYciv	none
RaylibUI/FOSSart/Advances/atomictheory.jpg	7a2dcb505425720451130a3aa291dd502307e0f5ce02c7b37d77de1437f68bc5	249068	project-original-art	crhy and rhYciv contributors	GPL-3.0-only	https://github.com/crhy/rhYciv	none
RaylibUI/FOSSart/Advances/automobile.jpg	eb03a3cc8c171415c1c74e140ea88f2a687cb92ae74037cc901a8c8da665b8f6	311242	project-original-art	crhy and rhYciv contributors	GPL-3.0-only	https://github.com/crhy/rhYciv	none
RaylibUI/FOSSart/Advances/banking.jpg	b1af0cc9642df850cf25492dc41437cf0b77cd86fd118ab75ab047c137c2ddc1	179756	project-original-art	crhy and rhYciv contributors	GPL-3.0-only	https://github.com/crhy/rhYciv	none
RaylibUI/FOSSart/Advances/bridgebuilding.jpg	f982d4f528081e6178fd4d70833caffa78f887304e2689b2938593d25fb4a34e	381174	project-original-art	crhy and rhYciv contributors	GPL-3.0-only	https://github.com/crhy/rhYciv	none
RaylibUI/FOSSart/Advances/bronzeworking.jpg	47cc211db32426610f291a5e254b79b8e9b5b67892abb5a3336bdb43eeee8667	358624	project-original-art	crhy and rhYciv contributors	GPL-3.0-only	https://github.com/crhy/rhYciv	none
RaylibUI/FOSSart/Advances/ceremonialburial.jpg	1d8033396adbd0478ae7278f75789dd681c2cb55a51c1d19231eb92f096d2bea	292150	project-original-art	crhy and rhYciv contributors	GPL-3.0-only	https://github.com/crhy/rhYciv	none
RaylibUI/FOSSart/Advances/chemistry.jpg	d1f3a54a4137c4a62b621ff8861406d50184ded9204bff063461d62240700a8e	316409	project-original-art	crhy and rhYciv contributors	GPL-3.0-only	https://github.com/crhy/rhYciv	none
RaylibUI/FOSSart/Advances/chivalry.jpg	77226a98c412857b8821473defaf4c0c8567264ae919b4d8996e22402c86aa35	566230	project-original-art	crhy and rhYciv contributors	GPL-3.0-only	https://github.com/crhy/rhYciv	none
RaylibUI/FOSSart/Advances/codeoflaws.jpg	0ee6cf73b1cb59bb804e82faa9d751d99bcfe36ee6492815992ef923838dbc98	462997	project-original-art	crhy and rhYciv contributors	GPL-3.0-only	https://github.com/crhy/rhYciv	none
RaylibUI/FOSSart/Advances/combinedarms.jpg	1a3e93dddafc0eb6625d84ada9f736ec514a32138acb3d923ff320f17b7f9d3a	263576	project-original-art	crhy and rhYciv contributors	GPL-3.0-only	https://github.com/crhy/rhYciv	none
RaylibUI/FOSSart/Advances/combustion.jpg	7914ec6030d34a00f10f42c5461db0f0717df21ae61663eef4e80522a524219f	396351	project-original-art	crhy and rhYciv contributors	GPL-3.0-only	https://github.com/crhy/rhYciv	none
RaylibUI/FOSSart/Advances/communism.jpg	1b4d0e507e3cdc1c376f9c4ed0a5ab2f666042b0e47bf1a0e64466badfd42f07	321114	project-original-art	crhy and rhYciv contributors	GPL-3.0-only	https://github.com/crhy/rhYciv	none
RaylibUI/FOSSart/Advances/computers.jpg	a6fea12c00d33bc258617c12b3bf9576fdbf043fe13ff5c8ad99f44d3e8c0327	315299	project-original-art	crhy and rhYciv contributors	GPL-3.0-only	https://github.com/crhy/rhYciv	none
RaylibUI/FOSSart/Advances/conscription.jpg	bf74d9dd8f0556a8fe5693b6a372a9d52bac940501e8f2598a193f6ec4d49b46	698810	project-original-art	crhy and rhYciv contributors	GPL-3.0-only	https://github.com/crhy/rhYciv	none
RaylibUI/FOSSart/Advances/construction.jpg	a2b31cf1366ae88719aaa25bbffa06ff60a12dc16994e98340056f80171ff349	355594	project-original-art	crhy and rhYciv contributors	GPL-3.0-only	https://github.com/crhy/rhYciv	none
RaylibUI/FOSSart/Advances/corporation.jpg	7f11a22a886393bf6b3e1a2f892bf6777fc359444fd3b44930a45d56fa438b0f	312015	project-original-art	crhy and rhYciv contributors	GPL-3.0-only	https://github.com/crhy/rhYciv	none
RaylibUI/FOSSart/Advances/currency.jpg	5a302d59c82c30336cb2510be8297618c2a789b7ce7c9cb14b9ae4e443e76f06	369836	project-original-art	crhy and rhYciv contributors	GPL-3.0-only	https://github.com/crhy/rhYciv	none
RaylibUI/FOSSart/Advances/democracy.jpg	10a1d456e961b7076401eb10e8c01f52d646bcc7f5b0c05a965d943e6ee4b4db	252667	project-original-art	crhy and rhYciv contributors	GPL-3.0-only	https://github.com/crhy/rhYciv	none
RaylibUI/FOSSart/Advances/economics.jpg	206fd9425b0d088b422c7d37d2579c0ea9f438d3d705f3e4b5ce6622739e91be	473907	project-original-art	crhy and rhYciv contributors	GPL-3.0-only	https://github.com/crhy/rhYciv	none
RaylibUI/FOSSart/Advances/electricity.jpg	f16aaab08018c356548132016dbba50c914720ab320fa00d36137bc88ca6e461	278948	project-original-art	crhy and rhYciv contributors	GPL-3.0-only	https://github.com/crhy/rhYciv	none
RaylibUI/FOSSart/Advances/electronics.jpg	f62e21665702a3d8b0b709cd303619d24e581310069366e9dde0b0cff4f6d0be	262140	project-original-art	crhy and rhYciv contributors	GPL-3.0-only	https://github.com/crhy/rhYciv	none
RaylibUI/FOSSart/Advances/engineering.jpg	375c91c515905c779590e2be62a88a84ff79236a405d7f0cffeef8bc3ac003df	423257	project-original-art	crhy and rhYciv contributors	GPL-3.0-only	https://github.com/crhy/rhYciv	none
RaylibUI/FOSSart/Advances/environmentalism.jpg	4823b724bcba3eb7004324d8184023fd50eaa04cf1367856532bd26619dc1fe9	282573	project-original-art	crhy and rhYciv contributors	GPL-3.0-only	https://github.com/crhy/rhYciv	none
RaylibUI/FOSSart/Advances/espionage.jpg	9da5628b21b380c0b270d74e55ad28ffe2efd410aa8823ce7fb8ba5a41fc8d33	315770	project-original-art	crhy and rhYciv contributors	GPL-3.0-only	https://github.com/crhy/rhYciv	none
RaylibUI/FOSSart/Advances/explosives.jpg	1ac9be8fbe0ae9a26b936600ded8d11ce3049a9efdd23bad738a616c3dd4bf14	377217	project-original-art	crhy and rhYciv contributors	GPL-3.0-only	https://github.com/crhy/rhYciv	none
RaylibUI/FOSSart/Advances/feudalism.jpg	41497604d43dd7da8ab03ead2224009afcb998977f5f2094eb62208928068091	394186	project-original-art	crhy and rhYciv contributors	GPL-3.0-only	https://github.com/crhy/rhYciv	none
RaylibUI/FOSSart/Advances/flight.jpg	33b2fab8ab421570e0e3481eafcf93f4720c52e6a41cc97cba5a938273700aab	413691	project-original-art	crhy and rhYciv contributors	GPL-3.0-only	https://github.com/crhy/rhYciv	none
RaylibUI/FOSSart/Advances/fundamentalism.jpg	319a7a4012bbb812ff032acd936a1004a5ca3da8611f61b21998913f9a68abb4	259762	project-original-art	crhy and rhYciv contributors	GPL-3.0-only	https://github.com/crhy/rhYciv	none
RaylibUI/FOSSart/Advances/fusionpower.jpg	88eaedb991516b818e2b0b9c24f457ad4ef78512f748645d441d5885c4ed678e	428340	project-original-art	crhy and rhYciv contributors	GPL-3.0-only	https://github.com/crhy/rhYciv	none
RaylibUI/FOSSart/Advances/futuretechnology.jpg	2a3ee321eb87b813c563a84768a1ec69ebfc1d20c08c6eb8615bff63f75ffedc	217388	project-original-art	crhy and rhYciv contributors	GPL-3.0-only	https://github.com/crhy/rhYciv	none
RaylibUI/FOSSart/Advances/geneticengineering.jpg	fd3298534a22f3712a7e99d03b3f60ee2a4e845b1519d34593c16d8f8b15ef92	397333	project-original-art	crhy and rhYciv contributors	GPL-3.0-only	https://github.com/crhy/rhYciv	none
RaylibUI/FOSSart/Advances/guerillawarfare.jpg	0b1e979cd6efb564d9c577c1a7229c4d39c596be4ddc4f4a5868389d03fcfb12	363396	project-original-art	crhy and rhYciv contributors	GPL-3.0-only	https://github.com/crhy/rhYciv	none
RaylibUI/FOSSart/Advances/gunpowder.jpg	037e0d6dcfc58e3da85bdd67ffa19d8c82a717a33383f59baeb275f19184279d	319621	project-original-art	crhy and rhYciv contributors	GPL-3.0-only	https://github.com/crhy/rhYciv	none
RaylibUI/FOSSart/Advances/horsebackriding.jpg	fac99d4a4f7f98201a789c967219b376a7af377a007da86f8ac0a5f108fa8b8d	362417	project-original-art	crhy and rhYciv contributors	GPL-3.0-only	https://github.com/crhy/rhYciv	none
RaylibUI/FOSSart/Advances/industrialization.jpg	3a96f04130dfa9af705d2ac9f08747a5f6cd10ddf6ab83e187dffbc4f8f6ebed	425899	project-original-art	crhy and rhYciv contributors	GPL-3.0-only	https://github.com/crhy/rhYciv	none
RaylibUI/FOSSart/Advances/invention.jpg	4ffa74d8f4e17510310d0a3c495578819e30ddb07331d21e922f216b8142166e	344877	project-original-art	crhy and rhYciv contributors	GPL-3.0-only	https://github.com/crhy/rhYciv	none
RaylibUI/FOSSart/Advances/ironworking.jpg	5b3d09c1e833bde9d963badaaf8b7df2ebbd15603108a94396c47755615f0109	295899	project-original-art	crhy and rhYciv contributors	GPL-3.0-only	https://github.com/crhy/rhYciv	none
RaylibUI/FOSSart/Advances/laborunion.jpg	c58fec34ca208a760837d1ee79e3daad46cbaece920107c7a5bc315a3932dc82	348455	project-original-art	crhy and rhYciv contributors	GPL-3.0-only	https://github.com/crhy/rhYciv	none
RaylibUI/FOSSart/Advances/laser.jpg	da470ea429905b7e30797707c875318716f1b8e8c45f6b02462b7c2b49262237	263838	project-original-art	crhy and rhYciv contributors	GPL-3.0-only	https://github.com/crhy/rhYciv	none
RaylibUI/FOSSart/Advances/leadership.jpg	403384f6522cfd245bc1c7012b7966fdebc1bca73b1576f63f3adf01827f46aa	246088	project-original-art	crhy and rhYciv contributors	GPL-3.0-only	https://github.com/crhy/rhYciv	none
RaylibUI/FOSSart/Advances/literacy.jpg	cd604540c30579cccb813783397fc88cb6a4ac003521730d5484ce3dee6afa93	282588	project-original-art	crhy and rhYciv contributors	GPL-3.0-only	https://github.com/crhy/rhYciv	none
RaylibUI/FOSSart/Advances/machinetools.jpg	5ebceeae0751c6a7d2979f9104ac1b0daeba9aa52104701ed20292cf53034e38	370154	project-original-art	crhy and rhYciv contributors	GPL-3.0-only	https://github.com/crhy/rhYciv	none
RaylibUI/FOSSart/Advances/magnetism.jpg	f4b2da4780029f441c1d943257398aff387d683d0fe19120c6f0f94c02a1b737	591709	project-original-art	crhy and rhYciv contributors	GPL-3.0-only	https://github.com/crhy/rhYciv	none
RaylibUI/FOSSart/Advances/mapmaking.jpg	ee0a422d0656ef06f77e38b288bd0573e2687ffca9e4f2eefe968a17c8e05399	518427	project-original-art	crhy and rhYciv contributors	GPL-3.0-only	https://github.com/crhy/rhYciv	none
RaylibUI/FOSSart/Advances/masonry.jpg	4bb63f2b8080c4964f116ec5aa688b5c0b5cbb94ae544e8380b522317255bd50	387743	project-original-art	crhy and rhYciv contributors	GPL-3.0-only	https://github.com/crhy/rhYciv	none
RaylibUI/FOSSart/Advances/massproduction.jpg	6785b4b88d4b9274ae1b07ce60b010a0e47701f3b2ebd72ab211df95628d1d7f	433318	project-original-art	crhy and rhYciv contributors	GPL-3.0-only	https://github.com/crhy/rhYciv	none
RaylibUI/FOSSart/Advances/mathematics.jpg	88c126357c122ed6b3385fd3715d1a245eb9663e6f41b00c31aea2d1f29d02b8	498633	project-original-art	crhy and rhYciv contributors	GPL-3.0-only	https://github.com/crhy/rhYciv	none
RaylibUI/FOSSart/Advances/medicine.jpg	352f87d59a84a81a1e3cd3042dd3226ce16d302e2d2115ecf4aeaecf11203f0d	230852	project-original-art	crhy and rhYciv contributors	GPL-3.0-only	https://github.com/crhy/rhYciv	none
RaylibUI/FOSSart/Advances/metallurgy.jpg	fa9aaf8ec5c908dfc6cb3c876dd231946beb9e96c2e61e7fe536a4884ba8d100	469468	project-original-art	crhy and rhYciv contributors	GPL-3.0-only	https://github.com/crhy/rhYciv	none
RaylibUI/FOSSart/Advances/miniaturization.jpg	5b71c4ae6b3d1423ecc7083c05223194e87219e847755a177aa46db88fdaa67f	203361	project-original-art	crhy and rhYciv contributors	GPL-3.0-only	https://github.com/crhy/rhYciv	none
RaylibUI/FOSSart/Advances/mobilewarfare.jpg	b1ee65d99bb9bdf2f1665a906bb4057ad0f5e445bf88caedceaa7ab29a20caea	276811	project-original-art	crhy and rhYciv contributors	GPL-3.0-only	https://github.com/crhy/rhYciv	none
RaylibUI/FOSSart/Advances/monarchy.jpg	e03966584e9e362dba9c619201532c5d26de8dc40ddf43fe229cdba7c71c5edb	477845	project-original-art	crhy and rhYciv contributors	GPL-3.0-only	https://github.com/crhy/rhYciv	none
RaylibUI/FOSSart/Advances/monotheism.jpg	909375e6431b985a4642d02b5e3793c2b29882d6d446091dd6a4e570cc8232c3	179072	project-original-art	crhy and rhYciv contributors	GPL-3.0-only	https://github.com/crhy/rhYciv	none
RaylibUI/FOSSart/Advances/mysticism.jpg	3630c49c6509f3b1fee357372be0c6294b235d3913a72e2b8995f8f8bc4f15e9	474781	project-original-art	crhy and rhYciv contributors	GPL-3.0-only	https://github.com/crhy/rhYciv	none
RaylibUI/FOSSart/Advances/navigation.jpg	0ed8bf9b8c4126ef0f3925cec0a7f026b74a327c6cda1f4c11bcf7e5f9444b34	595551	project-original-art	crhy and rhYciv contributors	GPL-3.0-only	https://github.com/crhy/rhYciv	none
RaylibUI/FOSSart/Advances/nuclearfission.jpg	cc622032efa0ebe9afedcd9ec74fe8d9aeafc6ee5582426c81642f2fe3a4bf81	406998	project-original-art	crhy and rhYciv contributors	GPL-3.0-only	https://github.com/crhy/rhYciv	none
RaylibUI/FOSSart/Advances/nuclearpower.jpg	8a90c40a552d62dc3617b646423b6b95207b6689828df55a2af959bb7ddf11c7	352501	project-original-art	crhy and rhYciv contributors	GPL-3.0-only	https://github.com/crhy/rhYciv	none
RaylibUI/FOSSart/Advances/philosophy.jpg	83247aa88d69bf8b89e71e8351e5e5d3c0e4fbb72327a00e862d891d7354d191	255223	project-original-art	crhy and rhYciv contributors	GPL-3.0-only	https://github.com/crhy/rhYciv	none
RaylibUI/FOSSart/Advances/physics.jpg	deb149438606cd279ba366174463026833b12d33e0fec33cf3351434f1028722	341697	project-original-art	crhy and rhYciv contributors	GPL-3.0-only	https://github.com/crhy/rhYciv	none
RaylibUI/FOSSart/Advances/plastics.jpg	5175165e78c503c51f6ebd3e0bd7f781f495d6cc50cded2f3379b2a0db6ca47f	192521	project-original-art	crhy and rhYciv contributors	GPL-3.0-only	https://github.com/crhy/rhYciv	none
RaylibUI/FOSSart/Advances/polytheism.jpg	4e4e3c74cc809c68ceee46e1606be4249d47bc084ca71cddf967f6ff1694457a	422544	project-original-art	crhy and rhYciv contributors	GPL-3.0-only	https://github.com/crhy/rhYciv	none
RaylibUI/FOSSart/Advances/pottery.jpg	70679bd4f920c6221583c35529708eb1f016639bed0e0d8812da9a3964921b9e	245744	project-original-art	crhy and rhYciv contributors	GPL-3.0-only	https://github.com/crhy/rhYciv	none
RaylibUI/FOSSart/Advances/radio.jpg	86ba0436bab37b0b25b76616745dda630de12bec7c42fcc745f447ad74caf607	325614	project-original-art	crhy and rhYciv contributors	GPL-3.0-only	https://github.com/crhy/rhYciv	none
RaylibUI/FOSSart/Advances/railroad.jpg	0e66a6c9c34f7785d89b0f4016be73b73fec554b2096b5bd4d63fc4393e12250	420465	project-original-art	crhy and rhYciv contributors	GPL-3.0-only	https://github.com/crhy/rhYciv	none
RaylibUI/FOSSart/Advances/recycling.jpg	7c49be1bb7d8712ccf1d28d51845aa0fcce0f8fa835e6da672407a61e0888919	283661	project-original-art	crhy and rhYciv contributors	GPL-3.0-only	https://github.com/crhy/rhYciv	none
RaylibUI/FOSSart/Advances/refining.jpg	39d3407f04da666c9324339d700a8dda65d7022aca42c29c9ef80bd369d0ed29	320591	project-original-art	crhy and rhYciv contributors	GPL-3.0-only	https://github.com/crhy/rhYciv	none
RaylibUI/FOSSart/Advances/refrigeration.jpg	4c46d354d12156945648473784f0fd43f1ef15bc5e7a222295027abd4c38fdbe	374849	project-original-art	crhy and rhYciv contributors	GPL-3.0-only	https://github.com/crhy/rhYciv	none
RaylibUI/FOSSart/Advances/republic.jpg	b5ad1205de9c63e265e0c71e1f1f4221526c1d9b63a64bee4e6002d8cc8a9e44	389785	project-original-art	crhy and rhYciv contributors	GPL-3.0-only	https://github.com/crhy/rhYciv	none
RaylibUI/FOSSart/Advances/robotics.jpg	0588496e0a80524903b0829602ed66a9b5b737cdc3f8bf4069cf04a6e810f57e	347588	project-original-art	crhy and rhYciv contributors	GPL-3.0-only	https://github.com/crhy/rhYciv	none
RaylibUI/FOSSart/Advances/rocketry.jpg	34ce2ae0c579787f217d33e5dcc0f708021dc72bb7d35106e962bf034730bfd2	290769	project-original-art	crhy and rhYciv contributors	GPL-3.0-only	https://github.com/crhy/rhYciv	none
RaylibUI/FOSSart/Advances/sanitation.jpg	45de3e46a49674b146fb1cb7e7a4cdd3aa8b4785170441bb7d9f1d0956497b3e	344377	project-original-art	crhy and rhYciv contributors	GPL-3.0-only	https://github.com/crhy/rhYciv	none
RaylibUI/FOSSart/Advances/seafaring.jpg	36b8073eed3d7bd5865c2f9e8874a6ce05922b3ab2c69a8a3db7a15a682ca84b	407633	project-original-art	crhy and rhYciv contributors	GPL-3.0-only	https://github.com/crhy/rhYciv	none
RaylibUI/FOSSart/Advances/spaceflight.jpg	fc82677637fdb898a40a1e1012c543ef61116e960a2304797042e52478a5260c	302145	project-original-art	crhy and rhYciv contributors	GPL-3.0-only	https://github.com/crhy/rhYciv	none
RaylibUI/FOSSart/Advances/stealth.jpg	3e2668f6cd150d3fb7c5e85f74f67077cbbf8dbee665da52d4243a3dfbfd8ef4	328268	project-original-art	crhy and rhYciv contributors	GPL-3.0-only	https://github.com/crhy/rhYciv	none
RaylibUI/FOSSart/Advances/steamengine.jpg	b4263c4bcda1fb0c6c8150dd78a3171834bf189d6a26fb6898aeeeb8140f7a13	474361	project-original-art	crhy and rhYciv contributors	GPL-3.0-only	https://github.com/crhy/rhYciv	none
RaylibUI/FOSSart/Advances/steel.jpg	33eb105b0f1a9f175366627130a9a4d6bc77523c0341783e0ac488934d1c9455	319436	project-original-art	crhy and rhYciv contributors	GPL-3.0-only	https://github.com/crhy/rhYciv	none
RaylibUI/FOSSart/Advances/superconductor.jpg	ff38824973afa16d542f687fa1497f43b90bf12b2d9f815499bdf6fce9e23db0	164456	project-original-art	crhy and rhYciv contributors	GPL-3.0-only	https://github.com/crhy/rhYciv	none
RaylibUI/FOSSart/Advances/tactics.jpg	2ec5b1cbac198a0331f5fb870b59c0ec06ece8253e8b6d8374058b1b17c604a0	470297	project-original-art	crhy and rhYciv contributors	GPL-3.0-only	https://github.com/crhy/rhYciv	none
RaylibUI/FOSSart/Advances/theology.jpg	8368bab194862ffa445b5a11ff9a49dbd371f6bf90940787cb28390b8f4803e9	311196	project-original-art	crhy and rhYciv contributors	GPL-3.0-only	https://github.com/crhy/rhYciv	none
RaylibUI/FOSSart/Advances/theoryofgravity.jpg	3cfc663634e20675bca675806e48c187465f2422bc5cac07133e042053bf7616	402991	project-original-art	crhy and rhYciv contributors	GPL-3.0-only	https://github.com/crhy/rhYciv	none
RaylibUI/FOSSart/Advances/trade.jpg	4173291cec588d29f53dfaa29330116be763967446f05fa2d9ca3eed70de3689	328441	project-original-art	crhy and rhYciv contributors	GPL-3.0-only	https://github.com/crhy/rhYciv	none
RaylibUI/FOSSart/Advances/university.jpg	5f2bdec0c777585ce378dd79b0acffb79db855ef1e57d182a046b3ea0bdf8fe5	239528	project-original-art	crhy and rhYciv contributors	GPL-3.0-only	https://github.com/crhy/rhYciv	none
RaylibUI/FOSSart/Advances/warriorcode.jpg	046b104c232bb40f7aafde87c0f5c4bed82b262b8001bbba651c566c36c6aecd	389653	project-original-art	crhy and rhYciv contributors	GPL-3.0-only	https://github.com/crhy/rhYciv	none
RaylibUI/FOSSart/Advances/wheel.jpg	b9793189247593b4d036095708e2b845fe204f3cdebd798dc4ee586fde2be920	322871	project-original-art	crhy and rhYciv contributors	GPL-3.0-only	https://github.com/crhy/rhYciv	none
RaylibUI/FOSSart/Advances/writing.jpg	b68820a34e091c67c0b6b9eaba48096aa4fab649188aae7ddf9805aa6cc4d94b	204193	project-original-art	crhy and rhYciv contributors	GPL-3.0-only	https://github.com/crhy/rhYciv	none
RaylibUI/FOSSart/Backgrounds/victory_conquest.png	c4858411838f949a20301c76c27fbec43107bbd7a772a87c5250c8666beb2e1b	1559615	project-original-art	crhy and rhYciv contributors	GPL-3.0-only	https://github.com/crhy/rhYciv	none
RaylibUI/FOSSart/Cities/Aztec/city_01.png	ee7067dae3b03aa978c2b2bd7f1b91d343ee7d4688659828be5f64762d635f90	48001	project-original-art	crhy and rhYciv contributors	GPL-3.0-only	https://github.com/crhy/rhYciv	scripts/prepare_custom_textures.py
RaylibUI/FOSSart/Cities/Aztec/city_02.png	c7e6bc8d60c2e528820071301caaf79c9684b5464f4c3b0adcb0e36733f1bb01	91592	project-original-art	crhy and rhYciv contributors	GPL-3.0-only	https://github.com/crhy/rhYciv	scripts/prepare_custom_textures.py
RaylibUI/FOSSart/Cities/Aztec/city_03.png	8f8969725b30fb3bddb9ddbcadbbcf15e4c62aef55b17855d0810448c5c916ba	102494	project-original-art	crhy and rhYciv contributors	GPL-3.0-only	https://github.com/crhy/rhYciv	scripts/prepare_custom_textures.py
RaylibUI/FOSSart/Cities/Aztec/city_04.png	713bd00a9497ab5dfa751930998ac1d6d7df40a9afa166160216034271a8c15d	98796	project-original-art	crhy and rhYciv contributors	GPL-3.0-only	https://github.com/crhy/rhYciv	scripts/prepare_custom_textures.py
RaylibUI/FOSSart/Cities/Aztec/city_05.png	1b5e33ef65b7d0e507d5b44951079e5b6f1474e859858992247d039ad42ef4d3	49637	project-original-art	crhy and rhYciv contributors	GPL-3.0-only	https://github.com/crhy/rhYciv	scripts/prepare_custom_textures.py
RaylibUI/FOSSart/Cities/Aztec/city_06.png	ff5c38328129ff3da357567a0d65a5e4821adf8e19b39d3087f27971b94058d7	83187	project-original-art	crhy and rhYciv contributors	GPL-3.0-only	https://github.com/crhy/rhYciv	scripts/prepare_custom_textures.py
RaylibUI/FOSSart/Cities/Aztec/city_07.png	cac556ec0c9a8edf0ad64e6d64eb07d093bbbc81ce882ab2c36c54f65bd619d9	104311	project-original-art	crhy and rhYciv contributors	GPL-3.0-only	https://github.com/crhy/rhYciv	scripts/prepare_custom_textures.py
RaylibUI/FOSSart/Cities/Aztec/city_08.png	997241af182d6d2806517fa6442c7a5ca6ee35478c78d33814b1a7c4c46da05d	100180	project-original-art	crhy and rhYciv contributors	GPL-3.0-only	https://github.com/crhy/rhYciv	scripts/prepare_custom_textures.py
RaylibUI/FOSSart/Cities/German/city_01.png	0f9934632cdec6f40354307fde13df7cb4f5f984005c6eb4a378a1fc45117556	89320	project-original-art	crhy and rhYciv contributors	GPL-3.0-only	https://github.com/crhy/rhYciv	scripts/prepare_custom_textures.py
RaylibUI/FOSSart/Cities/German/city_02.png	60a3729ce3f4d9440ea65b56a48390b3be56a8c210bbe03b92f6975f4765a64a	81122	project-original-art	crhy and rhYciv contributors	GPL-3.0-only	https://github.com/crhy/rhYciv	scripts/prepare_custom_textures.py
RaylibUI/FOSSart/Cities/German/city_03.png	9e2209ba239b7fb441af24a570fdd414512af7bb6b1f8066980b8230cff7d970	142933	project-original-art	crhy and rhYciv contributors	GPL-3.0-only	https://github.com/crhy/rhYciv	scripts/prepare_custom_textures.py
RaylibUI/FOSSart/Cities/German/city_04.png	f1089c6fb395e8085784c749ddb5c341c7e2826e2fad0fb37aa4b09016380274	126728	project-original-art	crhy and rhYciv contributors	GPL-3.0-only	https://github.com/crhy/rhYciv	scripts/prepare_custom_textures.py
RaylibUI/FOSSart/Cities/German/city_05.png	aa680566f5aa8229345f31c0de6ab3cfc69e422770cd41a189f460a5a4a650a8	37826	project-original-art	crhy and rhYciv contributors	GPL-3.0-only	https://github.com/crhy/rhYciv	scripts/prepare_custom_textures.py
RaylibUI/FOSSart/Cities/German/city_06.png	515c707760c206227ff24e9ebfc256682dbe16ae5e5a4e0d75984ef4f4e5e8f4	119133	project-original-art	crhy and rhYciv contributors	GPL-3.0-only	https://github.com/crhy/rhYciv	scripts/prepare_custom_textures.py
RaylibUI/FOSSart/Cities/German/city_07.png	7f3f0f21f33f3207cd9420f7b8b08ac19efb53f15f201287cb5c29758a7b880b	129287	project-original-art	crhy and rhYciv contributors	GPL-3.0-only	https://github.com/crhy/rhYciv	scripts/prepare_custom_textures.py
RaylibUI/FOSSart/Cities/German/city_08.png	a09e6da27e08d191a548c532dc0f7687a820555bdde77d2ac15ff014efa649ad	127407	project-original-art	crhy and rhYciv contributors	GPL-3.0-only	https://github.com/crhy/rhYciv	scripts/prepare_custom_textures.py
RaylibUI/FOSSart/Cities/Greek/city_01.png	197337ead7640b9177828d38da086cc054345154e068e1fb94ebbbeec5be876f	54629	project-original-art	crhy and rhYciv contributors	GPL-3.0-only	https://github.com/crhy/rhYciv	scripts/prepare_custom_textures.py
RaylibUI/FOSSart/Cities/Greek/city_02.png	e65875e7332768c0d4beb1e119fbe68c5dd9d2f3ed10c069f790594be1fc0877	88318	project-original-art	crhy and rhYciv contributors	GPL-3.0-only	https://github.com/crhy/rhYciv	scripts/prepare_custom_textures.py
RaylibUI/FOSSart/Cities/Greek/city_03.png	e65c79166e1a4fd47424c48baeaec619ccb09494a186ad2c949b957e7dec9009	94182	project-original-art	crhy and rhYciv contributors	GPL-3.0-only	https://github.com/crhy/rhYciv	scripts/prepare_custom_textures.py
RaylibUI/FOSSart/Cities/Greek/city_04.png	edbd25cdf90cc5ed3fdb4e29b22740e964d64c99187b6d2d41d0bf02c0723ffe	137600	project-original-art	crhy and rhYciv contributors	GPL-3.0-only	https://github.com/crhy/rhYciv	scripts/prepare_custom_textures.py
RaylibUI/FOSSart/Cities/Greek/city_05.png	3d70507bcec5ab0017ba410544f3c69ea7309a28a03ad3b72e83db71d801e3d8	79205	project-original-art	crhy and rhYciv contributors	GPL-3.0-only	https://github.com/crhy/rhYciv	scripts/prepare_custom_textures.py
RaylibUI/FOSSart/Cities/Greek/city_06.png	168e9c0831a7d033e19a8a5a09b0e018d23c84927c24e3af54f0376311aee711	91111	project-original-art	crhy and rhYciv contributors	GPL-3.0-only	https://github.com/crhy/rhYciv	scripts/prepare_custom_textures.py
RaylibUI/FOSSart/Cities/Greek/city_07.png	92c5bedd85dbc13d0ebfdc13dd25444ab3ff245a2ad6c70c9d58c8dd3e605d42	100665	project-original-art	crhy and rhYciv contributors	GPL-3.0-only	https://github.com/crhy/rhYciv	scripts/prepare_custom_textures.py
RaylibUI/FOSSart/Cities/Greek/city_08.png	75b866620ae0e3d3267f1a9e44a6d226342c3f038425041dca44133041b2d68a	135502	project-original-art	crhy and rhYciv contributors	GPL-3.0-only	https://github.com/crhy/rhYciv	scripts/prepare_custom_textures.py
RaylibUI/FOSSart/Cities/Japanese/city_01.png	b5e4633a67b84741bd2d8d066f3f6ca547c350186ba896bc00f0862dbdb6751a	58018	project-original-art	crhy and rhYciv contributors	GPL-3.0-only	https://github.com/crhy/rhYciv	scripts/prepare_custom_textures.py
RaylibUI/FOSSart/Cities/Japanese/city_02.png	ba130fb7204c1c54db3873d946467756b2ac4320f097b7acdb4d057168ec9b07	88039	project-original-art	crhy and rhYciv contributors	GPL-3.0-only	https://github.com/crhy/rhYciv	scripts/prepare_custom_textures.py
RaylibUI/FOSSart/Cities/Japanese/city_03.png	5f01a8b9227fe691fe1debfc31b99c68c41c02afde57fff8d3071a27f1bf0d48	97995	project-original-art	crhy and rhYciv contributors	GPL-3.0-only	https://github.com/crhy/rhYciv	scripts/prepare_custom_textures.py
RaylibUI/FOSSart/Cities/Japanese/city_04.png	e080d3d554797ad71e32ccf6cb4722f75731bf377c29bb50e0053187c6168ca4	112677	project-original-art	crhy and rhYciv contributors	GPL-3.0-only	https://github.com/crhy/rhYciv	scripts/prepare_custom_textures.py
RaylibUI/FOSSart/Cities/Japanese/city_05.png	16a9d7db9c71724996ff9f087e824b3e6bc85235b345ea8166fddea0c3461fd3	50929	project-original-art	crhy and rhYciv contributors	GPL-3.0-only	https://github.com/crhy/rhYciv	scripts/prepare_custom_textures.py
RaylibUI/FOSSart/Cities/Japanese/city_06.png	6ddb4f845d0c532fe78df9b221c591ae0405241e7c153c9a36ced793b1041ec6	82376	project-original-art	crhy and rhYciv contributors	GPL-3.0-only	https://github.com/crhy/rhYciv	scripts/prepare_custom_textures.py
RaylibUI/FOSSart/Cities/Japanese/city_07.png	e4780d07b1e19a3f9ee80106da96d08f0dcf226f685ba487e92c5fa71de5f588	112285	project-original-art	crhy and rhYciv contributors	GPL-3.0-only	https://github.com/crhy/rhYciv	scripts/prepare_custom_textures.py
RaylibUI/FOSSart/Cities/Japanese/city_08.png	97f43dc31f4e5a16e186230367bc1ef36c81b90880667ea795d3c83673d5c8b1	116680	project-original-art	crhy and rhYciv contributors	GPL-3.0-only	https://github.com/crhy/rhYciv	scripts/prepare_custom_textures.py
RaylibUI/FOSSart/Cities/London/city_01.png	347057baa92730e3da90e1429797a1aa5025e3d75bfd705f48bcd909ff745b98	54890	project-original-art	crhy and rhYciv contributors	GPL-3.0-only	https://github.com/crhy/rhYciv	scripts/prepare_custom_textures.py
RaylibUI/FOSSart/Cities/London/city_02.png	e8b3014eab6faa3b25ae121ce184b1263ad068817b74212de83a3e29778b7ed2	59844	project-original-art	crhy and rhYciv contributors	GPL-3.0-only	https://github.com/crhy/rhYciv	scripts/prepare_custom_textures.py
RaylibUI/FOSSart/Cities/London/city_03.png	c48b0ebc9af1241f18fa0b1c42c4fe249cb70b5f70038f612a2d5a8122184643	99703	project-original-art	crhy and rhYciv contributors	GPL-3.0-only	https://github.com/crhy/rhYciv	scripts/prepare_custom_textures.py
RaylibUI/FOSSart/Cities/London/city_04.png	d11b8bb328e529afda3b459ff8a99e033ca7b1983828906ef82ed5ff31a05343	116974	project-original-art	crhy and rhYciv contributors	GPL-3.0-only	https://github.com/crhy/rhYciv	scripts/prepare_custom_textures.py
RaylibUI/FOSSart/Cities/London/city_05.png	9f0164261fe5e64a7d5945ef7885d2fd11bffd1ede0f4f2a4113ae9680d9f998	100705	project-original-art	crhy and rhYciv contributors	GPL-3.0-only	https://github.com/crhy/rhYciv	scripts/prepare_custom_textures.py
RaylibUI/FOSSart/Cities/London/city_06.png	6f616ace69ac918ec4b1c38ae18b8d6c84ef3846c7faf4a039f88b988ca45abb	88288	project-original-art	crhy and rhYciv contributors	GPL-3.0-only	https://github.com/crhy/rhYciv	scripts/prepare_custom_textures.py
RaylibUI/FOSSart/Cities/London/city_07.png	fc41068e469ede91dc32487a6b4b6d07301b050070e50d0efdc35e50dac8fb24	96652	project-original-art	crhy and rhYciv contributors	GPL-3.0-only	https://github.com/crhy/rhYciv	scripts/prepare_custom_textures.py
RaylibUI/FOSSart/Cities/London/city_08.png	9640090bfecd242e55ae1f423f26ed7b7989877e0362b14baadcdad81fcb6365	112883	project-original-art	crhy and rhYciv contributors	GPL-3.0-only	https://github.com/crhy/rhYciv	scripts/prepare_custom_textures.py
RaylibUI/FOSSart/Cities/USA/city_01.png	64465c31183bf8fa53a461d8718c3fee2de120f6c5eadf409dab398331444f9a	76103	project-original-art	crhy and rhYciv contributors	GPL-3.0-only	https://github.com/crhy/rhYciv	scripts/prepare_custom_textures.py
RaylibUI/FOSSart/Cities/USA/city_02.png	5c0b16cbbeb91e0cab893a4c03569009969f23438ab42f88344379907bcbe986	100788	project-original-art	crhy and rhYciv contributors	GPL-3.0-only	https://github.com/crhy/rhYciv	scripts/prepare_custom_textures.py
RaylibUI/FOSSart/Cities/USA/city_03.png	096557951fc97a4aeffb19385ccf3369b0abd4f667e0647ea49525856aa58fc8	107528	project-original-art	crhy and rhYciv contributors	GPL-3.0-only	https://github.com/crhy/rhYciv	scripts/prepare_custom_textures.py
RaylibUI/FOSSart/Cities/USA/city_04.png	c6878f7cf0483f37efbdbc262b25e0801ce6d5ff99efef827052f62045cf8f02	112606	project-original-art	crhy and rhYciv contributors	GPL-3.0-only	https://github.com/crhy/rhYciv	scripts/prepare_custom_textures.py
RaylibUI/FOSSart/Cities/USA/city_05.png	e124769318098bbf37490dca9facf4114f12b2c46b65ea299abee65819a6d6c5	89823	project-original-art	crhy and rhYciv contributors	GPL-3.0-only	https://github.com/crhy/rhYciv	scripts/prepare_custom_textures.py
RaylibUI/FOSSart/Cities/USA/city_06.png	265dca634cbf84cefd945744e2268e9e7fbdfc11e9cd3378373ca0344d438dd2	91090	project-original-art	crhy and rhYciv contributors	GPL-3.0-only	https://github.com/crhy/rhYciv	scripts/prepare_custom_textures.py
RaylibUI/FOSSart/Cities/USA/city_07.png	30e8b9771e0bf12903f12ae081a2c63a465fcb3823315e9591d0e588d5af2f9a	127303	project-original-art	crhy and rhYciv contributors	GPL-3.0-only	https://github.com/crhy/rhYciv	scripts/prepare_custom_textures.py
RaylibUI/FOSSart/Cities/USA/city_08.png	c02b9e75d8230bde5d272b01637e529211dd5a78886a1fe2ce12f5019d975dea	125104	project-original-art	crhy and rhYciv contributors	GPL-3.0-only	https://github.com/crhy/rhYciv	scripts/prepare_custom_textures.py
RaylibUI/FOSSart/Congratulations.jpg	bac60c85c395cbd5775d946ee0921dcf8d839fb3ed37d7e0e8ef30314f3fa38f	180319	project-original-art	crhy and rhYciv contributors	GPL-3.0-only	https://github.com/crhy/rhYciv	none
RaylibUI/FOSSart/Flags/flag_01.png	fa67535348f8bced6e946eabae2c415d9b9f46b070d618e1f4e7c73d2e048996	12398	project-original-art	crhy and rhYciv contributors	GPL-3.0-only	https://github.com/crhy/rhYciv	scripts/prepare_custom_textures.py
RaylibUI/FOSSart/Flags/flag_02.png	9d4193418367fc97be89338fd380bec058f2f23c094d50c7c93180504fcebf93	12912	project-original-art	crhy and rhYciv contributors	GPL-3.0-only	https://github.com/crhy/rhYciv	scripts/prepare_custom_textures.py
RaylibUI/FOSSart/Flags/flag_03.png	0a21d90e76aec1da60e93e3c0b83a1a73d4cad2ce0a08ed984e8b35ebf3b0bab	14550	project-original-art	crhy and rhYciv contributors	GPL-3.0-only	https://github.com/crhy/rhYciv	scripts/prepare_custom_textures.py
RaylibUI/FOSSart/Flags/flag_04.png	20bf76a828cc4339730776514aac0166d33dac1caab663e09e25fdf863dca392	13279	project-original-art	crhy and rhYciv contributors	GPL-3.0-only	https://github.com/crhy/rhYciv	scripts/prepare_custom_textures.py
RaylibUI/FOSSart/Flags/flag_05.png	993303d586a8e1a1d3d460e1e16ba01abe98663e3a93ff765eca45eb9dc4efa6	12997	project-original-art	crhy and rhYciv contributors	GPL-3.0-only	https://github.com/crhy/rhYciv	scripts/prepare_custom_textures.py
RaylibUI/FOSSart/Flags/flag_06.png	d44b728485a5697cb8ee927c421765467f04e40723e044c565e1ef0318e24a22	12525	project-original-art	crhy and rhYciv contributors	GPL-3.0-only	https://github.com/crhy/rhYciv	scripts/prepare_custom_textures.py
RaylibUI/FOSSart/Flags/flag_07.png	57026585073688c31a69c5aeca5404de00a48fa900ed3a777f89e1fc6a0ce220	12171	project-original-art	crhy and rhYciv contributors	GPL-3.0-only	https://github.com/crhy/rhYciv	scripts/prepare_custom_textures.py
RaylibUI/FOSSart/Flags/flag_08.png	818d626e72f4a57c5f4b2fde3c804df0ae8fb8ed06a845a8f779a56d4c51fabb	13770	project-original-art	crhy and rhYciv contributors	GPL-3.0-only	https://github.com/crhy/rhYciv	scripts/prepare_custom_textures.py
RaylibUI/FOSSart/Flags/flag_09.png	1684443ec9872b5daab8134c0113225013c09a1ca15df1569b0987b75ab42cb6	12930	project-original-art	crhy and rhYciv contributors	GPL-3.0-only	https://github.com/crhy/rhYciv	scripts/prepare_custom_textures.py
RaylibUI/FOSSart/Flags/flag_10.png	878a5b8c8075341db9b6ad46ef4bf6263cb2f5f6840f34939e4683aab462bbe3	12962	project-original-art	crhy and rhYciv contributors	GPL-3.0-only	https://github.com/crhy/rhYciv	scripts/prepare_custom_textures.py
RaylibUI/FOSSart/Flags/flag_11.png	a6c51e462b1bebff66bab43aa3b0f1976618e8af2d19b4856420c241cbd42d0a	14269	project-original-art	crhy and rhYciv contributors	GPL-3.0-only	https://github.com/crhy/rhYciv	scripts/prepare_custom_textures.py
RaylibUI/FOSSart/Flags/flag_12.png	56c79d5f8e0170d58261547181fddf08afb6e5d3404577d619ee128094c0de17	12389	project-original-art	crhy and rhYciv contributors	GPL-3.0-only	https://github.com/crhy/rhYciv	scripts/prepare_custom_textures.py
RaylibUI/FOSSart/Flags/flag_13.png	2ebb6914fb5006826eba1d9d44c85561509abc3ae830730850175820a2f6559b	12869	project-original-art	crhy and rhYciv contributors	GPL-3.0-only	https://github.com/crhy/rhYciv	scripts/prepare_custom_textures.py
RaylibUI/FOSSart/Flags/flag_14.png	7e939c34af175f2352234324b921936bd9ce10c0c92fb62e373a223866489a9e	13502	project-original-art	crhy and rhYciv contributors	GPL-3.0-only	https://github.com/crhy/rhYciv	scripts/prepare_custom_textures.py
RaylibUI/FOSSart/Flags/flag_15.png	020977041c891dd6df2dfae25b58234da65062cca80110ce88a9738bb03efda3	12855	project-original-art	crhy and rhYciv contributors	GPL-3.0-only	https://github.com/crhy/rhYciv	scripts/prepare_custom_textures.py
RaylibUI/FOSSart/Flags/flag_16.png	829fdb8602878e15bb179724c3ac9a65a28f08ce021c428cfcb48b96a053e5e8	12179	project-original-art	crhy and rhYciv contributors	GPL-3.0-only	https://github.com/crhy/rhYciv	scripts/prepare_custom_textures.py
RaylibUI/FOSSart/Flags/flag_17.png	6c10533e343a959e97e5c5ba4026ebbc4cab3acf3e1d7b6b46a9023f1fce643e	13459	project-original-art	crhy and rhYciv contributors	GPL-3.0-only	https://github.com/crhy/rhYciv	scripts/prepare_custom_textures.py
RaylibUI/FOSSart/Flags/flag_18.png	94e29e63e189cc6add398ad7077315210f3286aaf151219d9c42eb5ef6367ef9	12431	project-original-art	crhy and rhYciv contributors	GPL-3.0-only	https://github.com/crhy/rhYciv	scripts/prepare_custom_textures.py
RaylibUI/FOSSart/Icons/AdvanceCategories/academic.png	ed67f9bf9a37ac9132fce28807ae987adb81b0c8fc117f549693ad5d4af31fef	27405	generated-project-art	crhy and rhYciv contributors	GPL-3.0-only	project-original Civilopedia art listed in this manifest	scripts/build_foss_icons.sh
RaylibUI/FOSSart/Icons/AdvanceCategories/applied.png	469ec2e33ca30d1c32edd56166f2e6f4f48be3e745a9bc4783226f03c4d400cf	26650	generated-project-art	crhy and rhYciv contributors	GPL-3.0-only	project-original Civilopedia art listed in this manifest	scripts/build_foss_icons.sh
RaylibUI/FOSSart/Icons/AdvanceCategories/military.png	119cc4bb38e960c4eadd6e4eebeee11c84ed4750f30f3be33d5636fb844cd1d9	24877	generated-project-art	crhy and rhYciv contributors	GPL-3.0-only	project-original Civilopedia art listed in this manifest	scripts/build_foss_icons.sh
RaylibUI/FOSSart/Icons/AdvanceCategories/social.png	cf44deee8c1632552600f85645bfb821d68b081c49b9bdc536471f51fdd123db	26238	generated-project-art	crhy and rhYciv contributors	GPL-3.0-only	project-original Civilopedia art listed in this manifest	scripts/build_foss_icons.sh
RaylibUI/FOSSart/Icons/Advances/advancedflight.png	cc27e33ca4e6a054b46606e516d7a4933b207228adacaf8fab4587e82b3bbed7	1787	generated-project-art	crhy and rhYciv contributors	GPL-3.0-only	project-original Civilopedia art listed in this manifest	scripts/build_foss_icons.sh
RaylibUI/FOSSart/Icons/Advances/alphabet.png	fc4343b44292fb3041a2db653fdb57a1d018d15143535d3fa1842b38aef86b54	1886	generated-project-art	crhy and rhYciv contributors	GPL-3.0-only	project-original Civilopedia art listed in this manifest	scripts/build_foss_icons.sh
RaylibUI/FOSSart/Icons/Advances/amphibiouswarfare.png	090a3b6100ec652aa60259ac4a5a9328edd028404bf7486249d3c474e5e3215e	1933	generated-project-art	crhy and rhYciv contributors	GPL-3.0-only	project-original Civilopedia art listed in this manifest	scripts/build_foss_icons.sh
RaylibUI/FOSSart/Icons/Advances/astronomy.png	65acfd8a88ba5c74f43c5a949483decd97f6dee19cfe373f35087bb6430f1a19	1963	generated-project-art	crhy and rhYciv contributors	GPL-3.0-only	project-original Civilopedia art listed in this manifest	scripts/build_foss_icons.sh
RaylibUI/FOSSart/Icons/Advances/atomictheory.png	fcb13b0afb7755baef9c9ab947a16068e78e42fe0c112074fb93455da1d1d2a6	1763	generated-project-art	crhy and rhYciv contributors	GPL-3.0-only	project-original Civilopedia art listed in this manifest	scripts/build_foss_icons.sh
RaylibUI/FOSSart/Icons/Advances/automobile.png	63dc44a947c997f6a130385c47ad6f160d66dc6a0bf1ba009d2e05ffc2da9c99	1886	generated-project-art	crhy and rhYciv contributors	GPL-3.0-only	project-original Civilopedia art listed in this manifest	scripts/build_foss_icons.sh
RaylibUI/FOSSart/Icons/Advances/banking.png	3b549b39ed13f35f593a0b19ad8d34a77fde9cd8c35783ecd08883d741aad1d1	1755	generated-project-art	crhy and rhYciv contributors	GPL-3.0-only	project-original Civilopedia art listed in this manifest	scripts/build_foss_icons.sh
RaylibUI/FOSSart/Icons/Advances/bridgebuilding.png	8587d53ba21c5d54c02e9908a05770b24ed31bdbcc7704587c338b29becc85f6	1902	generated-project-art	crhy and rhYciv contributors	GPL-3.0-only	project-original Civilopedia art listed in this manifest	scripts/build_foss_icons.sh
RaylibUI/FOSSart/Icons/Advances/bronzeworking.png	b23a478b89599b5768493dfa3107c4576ec4507993daece25e12ee9708e0616f	1846	generated-project-art	crhy and rhYciv contributors	GPL-3.0-only	project-original Civilopedia art listed in this manifest	scripts/build_foss_icons.sh
RaylibUI/FOSSart/Icons/Advances/ceremonialburial.png	9696254317a7892b0315be74494623d14106402efa106b273499edc6404416ea	1883	generated-project-art	crhy and rhYciv contributors	GPL-3.0-only	project-original Civilopedia art listed in this manifest	scripts/build_foss_icons.sh
RaylibUI/FOSSart/Icons/Advances/chemistry.png	75eb7641bcd2044224de4ee72ecf0c1f97c2a3a32855a11af27953aa652437c0	1951	generated-project-art	crhy and rhYciv contributors	GPL-3.0-only	project-original Civilopedia art listed in this manifest	scripts/build_foss_icons.sh
RaylibUI/FOSSart/Icons/Advances/chivalry.png	a4dc73446bd3663bbd26f61bf8ac12b5570e4c35ad2ae97c31f8a29f853d9119	1971	generated-project-art	crhy and rhYciv contributors	GPL-3.0-only	project-original Civilopedia art listed in this manifest	scripts/build_foss_icons.sh
RaylibUI/FOSSart/Icons/Advances/codeoflaws.png	c9c144df0be47bcfaaaa29419f43c5180b8105473f2bf78e6463623c3eecb5a7	1986	generated-project-art	crhy and rhYciv contributors	GPL-3.0-only	project-original Civilopedia art listed in this manifest	scripts/build_foss_icons.sh
RaylibUI/FOSSart/Icons/Advances/combinedarms.png	1d7f9064e0224798187de88d21ca3afb9b1a587279f6caad0e2dd1600bf5e1da	1758	generated-project-art	crhy and rhYciv contributors	GPL-3.0-only	project-original Civilopedia art listed in this manifest	scripts/build_foss_icons.sh
RaylibUI/FOSSart/Icons/Advances/combustion.png	3c55050497e9b5b089d74f18ca33834bfd2b3d85d842d05ab4b90d4b38adcac9	1958	generated-project-art	crhy and rhYciv contributors	GPL-3.0-only	project-original Civilopedia art listed in this manifest	scripts/build_foss_icons.sh
RaylibUI/FOSSart/Icons/Advances/communism.png	7ff565a04c862e54be368b8b50e91d7d6307ca5c1983aae8b7680cf76c1a514d	1891	generated-project-art	crhy and rhYciv contributors	GPL-3.0-only	project-original Civilopedia art listed in this manifest	scripts/build_foss_icons.sh
RaylibUI/FOSSart/Icons/Advances/computers.png	88185f769c438d95b5e059d58c7da2d70f55e42e202405696589de38862fd7bd	1866	generated-project-art	crhy and rhYciv contributors	GPL-3.0-only	project-original Civilopedia art listed in this manifest	scripts/build_foss_icons.sh
RaylibUI/FOSSart/Icons/Advances/conscription.png	8804275198ece4e411361e38b5b95e4f9335a5015d5e1f6c5b535e1aebd8fe31	1827	generated-project-art	crhy and rhYciv contributors	GPL-3.0-only	project-original Civilopedia art listed in this manifest	scripts/build_foss_icons.sh
RaylibUI/FOSSart/Icons/Advances/construction.png	fee31a6ec6f0a7327fd159570c5f3c04223d75eb128e100a562970bdde058c38	1956	generated-project-art	crhy and rhYciv contributors	GPL-3.0-only	project-original Civilopedia art listed in this manifest	scripts/build_foss_icons.sh
RaylibUI/FOSSart/Icons/Advances/corporation.png	5bfffaba7b12f84448707c0e328539c9903bc913539dd43dec1060ca537fe644	1742	generated-project-art	crhy and rhYciv contributors	GPL-3.0-only	project-original Civilopedia art listed in this manifest	scripts/build_foss_icons.sh
RaylibUI/FOSSart/Icons/Advances/currency.png	bc26f8be6f2ac34a61a29289a7da42b203f11a5f1cd088c486b87df06546c649	1935	generated-project-art	crhy and rhYciv contributors	GPL-3.0-only	project-original Civilopedia art listed in this manifest	scripts/build_foss_icons.sh
RaylibUI/FOSSart/Icons/Advances/democracy.png	750caa7a58a1770af5e309c4127e5afea7d83b2c5143bfac44d447edd883bccb	1898	generated-project-art	crhy and rhYciv contributors	GPL-3.0-only	project-original Civilopedia art listed in this manifest	scripts/build_foss_icons.sh
RaylibUI/FOSSart/Icons/Advances/economics.png	52c9d2ca45df4723253f2b13c6008bbbc4af137f90885f0af162391f776c589d	1960	generated-project-art	crhy and rhYciv contributors	GPL-3.0-only	project-original Civilopedia art listed in this manifest	scripts/build_foss_icons.sh
RaylibUI/FOSSart/Icons/Advances/electricity.png	014d1930f82a43caec294248fff663a9f04a79e804d94d4e65182e382383b303	1944	generated-project-art	crhy and rhYciv contributors	GPL-3.0-only	project-original Civilopedia art listed in this manifest	scripts/build_foss_icons.sh
RaylibUI/FOSSart/Icons/Advances/electronics.png	dd19dd856ba8bf59ccb2bb601e01bfd2368a873ada7116ac540cb9fed6ae425b	1911	generated-project-art	crhy and rhYciv contributors	GPL-3.0-only	project-original Civilopedia art listed in this manifest	scripts/build_foss_icons.sh
RaylibUI/FOSSart/Icons/Advances/engineering.png	2acfd5ddedc41b6be6311fcad1626f6add19c01d195be8e4b7c76f9db80fe7e0	1910	generated-project-art	crhy and rhYciv contributors	GPL-3.0-only	project-original Civilopedia art listed in this manifest	scripts/build_foss_icons.sh
RaylibUI/FOSSart/Icons/Advances/environmentalism.png	a400fbb5f10ed6d30e3b962e7a354f96a56168019d38e8131966a199cd190250	1968	generated-project-art	crhy and rhYciv contributors	GPL-3.0-only	project-original Civilopedia art listed in this manifest	scripts/build_foss_icons.sh
RaylibUI/FOSSart/Icons/Advances/espionage.png	6c7b899c852473d044008b460732735a1323e5c073575dda1ddcfb3c74f75659	1850	generated-project-art	crhy and rhYciv contributors	GPL-3.0-only	project-original Civilopedia art listed in this manifest	scripts/build_foss_icons.sh
RaylibUI/FOSSart/Icons/Advances/explosives.png	5ddbb0dba9061296cd423cd1703996bbe531527c04c9e74a41f8c507bd2dc8a4	1958	generated-project-art	crhy and rhYciv contributors	GPL-3.0-only	project-original Civilopedia art listed in this manifest	scripts/build_foss_icons.sh
RaylibUI/FOSSart/Icons/Advances/feudalism.png	9cfb2698773ce583d4c255ff2a92eb99277de9e882f1ea2d458a8b134ac0989a	1959	generated-project-art	crhy and rhYciv contributors	GPL-3.0-only	project-original Civilopedia art listed in this manifest	scripts/build_foss_icons.sh
RaylibUI/FOSSart/Icons/Advances/flight.png	a9be5796c2c5879203da63d536223c37022a1900a1d36a22f3bd005d579a459e	1912	generated-project-art	crhy and rhYciv contributors	GPL-3.0-only	project-original Civilopedia art listed in this manifest	scripts/build_foss_icons.sh
RaylibUI/FOSSart/Icons/Advances/fundamentalism.png	b7bbf14deb5d0884eff809e2b9720bf8df4e4a608fa7c9958cc8dd4e5b9f3ff4	1918	generated-project-art	crhy and rhYciv contributors	GPL-3.0-only	project-original Civilopedia art listed in this manifest	scripts/build_foss_icons.sh
RaylibUI/FOSSart/Icons/Advances/fusionpower.png	d27d7937f9faab3220087c0d4de8c4ccf6d0b2110b2bd18066572ed82373c084	1944	generated-project-art	crhy and rhYciv contributors	GPL-3.0-only	project-original Civilopedia art listed in this manifest	scripts/build_foss_icons.sh
RaylibUI/FOSSart/Icons/Advances/futuretechnology.png	9f8d01a9d97f9dd75cb93520f0b311eb018bd9842748bbc664b5d78ae58e6976	1871	generated-project-art	crhy and rhYciv contributors	GPL-3.0-only	project-original Civilopedia art listed in this manifest	scripts/build_foss_icons.sh
RaylibUI/FOSSart/Icons/Advances/geneticengineering.png	d301511e3c1bc94bdfb62d86d09d1d6cbce633b70c72aef07579d78459b680d5	1920	generated-project-art	crhy and rhYciv contributors	GPL-3.0-only	project-original Civilopedia art listed in this manifest	scripts/build_foss_icons.sh
RaylibUI/FOSSart/Icons/Advances/guerillawarfare.png	d2cd7a001cebb01d030817934b9546d7345885cc302e85ff273c6c977436cd9d	1733	generated-project-art	crhy and rhYciv contributors	GPL-3.0-only	project-original Civilopedia art listed in this manifest	scripts/build_foss_icons.sh
RaylibUI/FOSSart/Icons/Advances/gunpowder.png	bc41ae19f185a4707ebcc8197cd957060aa102155f61661dd242f301b2078fd3	1817	generated-project-art	crhy and rhYciv contributors	GPL-3.0-only	project-original Civilopedia art listed in this manifest	scripts/build_foss_icons.sh
RaylibUI/FOSSart/Icons/Advances/horsebackriding.png	8869f49e1d3388514fd3f4b430c9d64a43655756d47800c9a081cc5e891a06f0	1774	generated-project-art	crhy and rhYciv contributors	GPL-3.0-only	project-original Civilopedia art listed in this manifest	scripts/build_foss_icons.sh
RaylibUI/FOSSart/Icons/Advances/industrialization.png	b292ff5cc424e94e9f634b82f58e3aebec6ed9fa02043edb001152c5e1e5271a	1901	generated-project-art	crhy and rhYciv contributors	GPL-3.0-only	project-original Civilopedia art listed in this manifest	scripts/build_foss_icons.sh
RaylibUI/FOSSart/Icons/Advances/invention.png	49188dcafbb5ff287993a18ee272c12d6be73c33b366192e053fa0f568e532d7	1977	generated-project-art	crhy and rhYciv contributors	GPL-3.0-only	project-original Civilopedia art listed in this manifest	scripts/build_foss_icons.sh
RaylibUI/FOSSart/Icons/Advances/ironworking.png	7919c2ec8d21fe68ef8a0d80073835a3123662861a20e488b5ba3ef808c9373e	1878	generated-project-art	crhy and rhYciv contributors	GPL-3.0-only	project-original Civilopedia art listed in this manifest	scripts/build_foss_icons.sh
RaylibUI/FOSSart/Icons/Advances/laborunion.png	009ecc510e2708d4f91286df3ab41db313a35c0f6f9e5017dc02cdb4b77ce5e2	1890	generated-project-art	crhy and rhYciv contributors	GPL-3.0-only	project-original Civilopedia art listed in this manifest	scripts/build_foss_icons.sh
RaylibUI/FOSSart/Icons/Advances/laser.png	77e8b4789ee45ac453fd215a1e94e165df1f9897f341fe3ac5b6a42050dce843	2106	generated-project-art	crhy and rhYciv contributors	GPL-3.0-only	project-original Civilopedia art listed in this manifest	scripts/build_foss_icons.sh
RaylibUI/FOSSart/Icons/Advances/leadership.png	7f0524a8d26507b6b66fdf33b73884a2e404e2af7de65386dd4c3637c94eb8e1	1867	generated-project-art	crhy and rhYciv contributors	GPL-3.0-only	project-original Civilopedia art listed in this manifest	scripts/build_foss_icons.sh
RaylibUI/FOSSart/Icons/Advances/literacy.png	d12fb812fd4ab8b4c4d8da8da550345348eb9d7f1b27572aeb4eb2f301a0ea8f	1975	generated-project-art	crhy and rhYciv contributors	GPL-3.0-only	project-original Civilopedia art listed in this manifest	scripts/build_foss_icons.sh
RaylibUI/FOSSart/Icons/Advances/machinetools.png	17e3170d957649fe7f67da4f0bd929c879c303c6ce9fe204442babcf989f7e1c	1940	generated-project-art	crhy and rhYciv contributors	GPL-3.0-only	project-original Civilopedia art listed in this manifest	scripts/build_foss_icons.sh
RaylibUI/FOSSart/Icons/Advances/magnetism.png	fbca3efcc24068db9ae941f9ccc9aa78ed7849b96f48ef8398639b4cac771ddc	1946	generated-project-art	crhy and rhYciv contributors	GPL-3.0-only	project-original Civilopedia art listed in this manifest	scripts/build_foss_icons.sh
RaylibUI/FOSSart/Icons/Advances/mapmaking.png	6bd2d2c42c93bd30e6066f13235aa296d43f320da2cadc8cdc6fb56670243a2a	1949	generated-project-art	crhy and rhYciv contributors	GPL-3.0-only	project-original Civilopedia art listed in this manifest	scripts/build_foss_icons.sh
RaylibUI/FOSSart/Icons/Advances/masonry.png	d219437c8fe2c5fbfa33c1a493cd1baa3bc903f741753a3c22af217a1eb202ec	1906	generated-project-art	crhy and rhYciv contributors	GPL-3.0-only	project-original Civilopedia art listed in this manifest	scripts/build_foss_icons.sh
RaylibUI/FOSSart/Icons/Advances/massproduction.png	feedb91376a54adfdfbe47102a3c15d3424b33f5f7bb193da037aa2f2ae93e13	2002	generated-project-art	crhy and rhYciv contributors	GPL-3.0-only	project-original Civilopedia art listed in this manifest	scripts/build_foss_icons.sh
RaylibUI/FOSSart/Icons/Advances/mathematics.png	5c9c5b18b0a7f6b96a511401ada65698a2346090430374c0669fef8e0b348bbd	1913	generated-project-art	crhy and rhYciv contributors	GPL-3.0-only	project-original Civilopedia art listed in this manifest	scripts/build_foss_icons.sh
RaylibUI/FOSSart/Icons/Advances/medicine.png	e768e620ddef6cdc48e3b798d3e8b8c0b23b52d2f40508884152763d81369345	1844	generated-project-art	crhy and rhYciv contributors	GPL-3.0-only	project-original Civilopedia art listed in this manifest	scripts/build_foss_icons.sh
RaylibUI/FOSSart/Icons/Advances/metallurgy.png	85079dfcc6c806cfcf168b455d77866675ef658a4f07c75e3d09e0e68a256f04	1936	generated-project-art	crhy and rhYciv contributors	GPL-3.0-only	project-original Civilopedia art listed in this manifest	scripts/build_foss_icons.sh
RaylibUI/FOSSart/Icons/Advances/miniaturization.png	962e73312efb7394709ca69b51f42707c97be36fe8a9c2042ffdbd722eb06229	1833	generated-project-art	crhy and rhYciv contributors	GPL-3.0-only	project-original Civilopedia art listed in this manifest	scripts/build_foss_icons.sh
RaylibUI/FOSSart/Icons/Advances/mobilewarfare.png	24b7a24bbc5ed4d4c59e4a99b07ec6a2c84ca29d724cbafe8a49276b117bf47b	1853	generated-project-art	crhy and rhYciv contributors	GPL-3.0-only	project-original Civilopedia art listed in this manifest	scripts/build_foss_icons.sh
RaylibUI/FOSSart/Icons/Advances/monarchy.png	924f349d3c4658915cd4bc565f474b97e28947ccbdb1bb737f5c335319b9e705	1922	generated-project-art	crhy and rhYciv contributors	GPL-3.0-only	project-original Civilopedia art listed in this manifest	scripts/build_foss_icons.sh
RaylibUI/FOSSart/Icons/Advances/monotheism.png	35e51cc39d01670e78789ae8ae9448310b5a78833c8c5efc2bfe85b3ac8afcfc	1934	generated-project-art	crhy and rhYciv contributors	GPL-3.0-only	project-original Civilopedia art listed in this manifest	scripts/build_foss_icons.sh
RaylibUI/FOSSart/Icons/Advances/mysticism.png	bf91f53a69336e4ecc9a2020e96bfce208ac705941806b088c7407e270894351	1964	generated-project-art	crhy and rhYciv contributors	GPL-3.0-only	project-original Civilopedia art listed in this manifest	scripts/build_foss_icons.sh
RaylibUI/FOSSart/Icons/Advances/navigation.png	36b2f994b9c4033ea45a067fe5fb14aea7d8cae0d11917f46a4b2fd8dba09a3d	1980	generated-project-art	crhy and rhYciv contributors	GPL-3.0-only	project-original Civilopedia art listed in this manifest	scripts/build_foss_icons.sh
RaylibUI/FOSSart/Icons/Advances/nuclearfission.png	d5023cf9d3fc66afa3cbf207e670c40c1f3c165514829881dbd1b91688fa8fa5	2019	generated-project-art	crhy and rhYciv contributors	GPL-3.0-only	project-original Civilopedia art listed in this manifest	scripts/build_foss_icons.sh
RaylibUI/FOSSart/Icons/Advances/nuclearpower.png	6c452c53897ab9a79d7d96c1c4e624e9dc5da4452f07076636f666837d079568	1990	generated-project-art	crhy and rhYciv contributors	GPL-3.0-only	project-original Civilopedia art listed in this manifest	scripts/build_foss_icons.sh
RaylibUI/FOSSart/Icons/Advances/philosophy.png	d97ee3af3b207ff284e34e2f89aeffd61f84a4caab0efe3520e98c99f5e40f2a	1854	generated-project-art	crhy and rhYciv contributors	GPL-3.0-only	project-original Civilopedia art listed in this manifest	scripts/build_foss_icons.sh
RaylibUI/FOSSart/Icons/Advances/physics.png	e84bed762b76e3e2fb62226359c233fb163478bef08c42b642357c1cd53bfe11	1899	generated-project-art	crhy and rhYciv contributors	GPL-3.0-only	project-original Civilopedia art listed in this manifest	scripts/build_foss_icons.sh
RaylibUI/FOSSart/Icons/Advances/plastics.png	0eac27d1b4cea27b31fa4caa8e13d28e09cf9e6fd5ab54cc810acf0de2748d8e	1921	generated-project-art	crhy and rhYciv contributors	GPL-3.0-only	project-original Civilopedia art listed in this manifest	scripts/build_foss_icons.sh
RaylibUI/FOSSart/Icons/Advances/polytheism.png	c02ccc06bb3a131485ef6d3bdfeaeaa965f3f4b2f9554c5c497c74255fea1c2a	1948	generated-project-art	crhy and rhYciv contributors	GPL-3.0-only	project-original Civilopedia art listed in this manifest	scripts/build_foss_icons.sh
RaylibUI/FOSSart/Icons/Advances/pottery.png	adc05c268e7da1f82dfff96a7fe21ccbc7153c04a099cf62356f959fab01cf47	1855	generated-project-art	crhy and rhYciv contributors	GPL-3.0-only	project-original Civilopedia art listed in this manifest	scripts/build_foss_icons.sh
RaylibUI/FOSSart/Icons/Advances/radio.png	7c7b11e0867dd98bf72529c6042f9de1578f9bf0bb160cf077f7a2e760e4bd13	1902	generated-project-art	crhy and rhYciv contributors	GPL-3.0-only	project-original Civilopedia art listed in this manifest	scripts/build_foss_icons.sh
RaylibUI/FOSSart/Icons/Advances/railroad.png	7faa16d0a0b0bcc47c0b4fc5efe60db935ffef5494dc6573822087047f06c0f0	1821	generated-project-art	crhy and rhYciv contributors	GPL-3.0-only	project-original Civilopedia art listed in this manifest	scripts/build_foss_icons.sh
RaylibUI/FOSSart/Icons/Advances/recycling.png	c34c8b37aeef2078e01ad7a808fb69a73928d46790bf0d9de7358cfa9e718bdb	1867	generated-project-art	crhy and rhYciv contributors	GPL-3.0-only	project-original Civilopedia art listed in this manifest	scripts/build_foss_icons.sh
RaylibUI/FOSSart/Icons/Advances/refining.png	3d7878fedc7ac2802aa8022f54ea5cd35e6c9cea3f9180a374ad7b9904fbf89b	1926	generated-project-art	crhy and rhYciv contributors	GPL-3.0-only	project-original Civilopedia art listed in this manifest	scripts/build_foss_icons.sh
RaylibUI/FOSSart/Icons/Advances/refrigeration.png	7de5b565e83e666c5e0f394745e97604d9d0f0d4bd2384f508a8dadd55db9837	1959	generated-project-art	crhy and rhYciv contributors	GPL-3.0-only	project-original Civilopedia art listed in this manifest	scripts/build_foss_icons.sh
RaylibUI/FOSSart/Icons/Advances/republic.png	704cea9560033135fca3249a5945712bb897930c91cb95329ea858efef3407e3	1917	generated-project-art	crhy and rhYciv contributors	GPL-3.0-only	project-original Civilopedia art listed in this manifest	scripts/build_foss_icons.sh
RaylibUI/FOSSart/Icons/Advances/robotics.png	c00b26260b4e1026eafd67fa973fdd93d7fba20e039e96bc4c09c57b7c700783	1793	generated-project-art	crhy and rhYciv contributors	GPL-3.0-only	project-original Civilopedia art listed in this manifest	scripts/build_foss_icons.sh
RaylibUI/FOSSart/Icons/Advances/rocketry.png	c7eb3b717c414866d5fb5ad352a37f04fd3597656a0119f0685d85979eb1b431	1836	generated-project-art	crhy and rhYciv contributors	GPL-3.0-only	project-original Civilopedia art listed in this manifest	scripts/build_foss_icons.sh
RaylibUI/FOSSart/Icons/Advances/sanitation.png	3828e2a52a31c136525dbbf13dc0451e2c4c0821ce7c9e3206fe06dbd0fe3fe9	1943	generated-project-art	crhy and rhYciv contributors	GPL-3.0-only	project-original Civilopedia art listed in this manifest	scripts/build_foss_icons.sh
RaylibUI/FOSSart/Icons/Advances/seafaring.png	a31f226f277f58bde60c187f4446a016f5d20e953cbbc4edb3e527ab264f2339	1954	generated-project-art	crhy and rhYciv contributors	GPL-3.0-only	project-original Civilopedia art listed in this manifest	scripts/build_foss_icons.sh
RaylibUI/FOSSart/Icons/Advances/spaceflight.png	6d85547de38a19230bf647b25dfdf6db86bae8b01b06a74533f8b357f36df671	1965	generated-project-art	crhy and rhYciv contributors	GPL-3.0-only	project-original Civilopedia art listed in this manifest	scripts/build_foss_icons.sh
RaylibUI/FOSSart/Icons/Advances/stealth.png	c156940770c9fd0ed744b672994bbe829e6f1d7e56ff1d31bb7226360c97040e	1620	generated-project-art	crhy and rhYciv contributors	GPL-3.0-only	project-original Civilopedia art listed in this manifest	scripts/build_foss_icons.sh
RaylibUI/FOSSart/Icons/Advances/steamengine.png	ee56bb2205a10956b5bee9c624585713c368399bdbbe08327d5221080517d51e	1933	generated-project-art	crhy and rhYciv contributors	GPL-3.0-only	project-original Civilopedia art listed in this manifest	scripts/build_foss_icons.sh
RaylibUI/FOSSart/Icons/Advances/steel.png	cae25ed1cddbf918447384eeacd154745fc8a7c1fdd087398ac6c024dcb36eb2	1950	generated-project-art	crhy and rhYciv contributors	GPL-3.0-only	project-original Civilopedia art listed in this manifest	scripts/build_foss_icons.sh
RaylibUI/FOSSart/Icons/Advances/superconductor.png	2ee9bb0f793a206debdee83484a15d3146f9881a43b1c685f6f22426a29d3871	1950	generated-project-art	crhy and rhYciv contributors	GPL-3.0-only	project-original Civilopedia art listed in this manifest	scripts/build_foss_icons.sh
RaylibUI/FOSSart/Icons/Advances/tactics.png	5ca2999682720d861b5eb4d8acf956626137a139333ba64921bed80168deb80c	1986	generated-project-art	crhy and rhYciv contributors	GPL-3.0-only	project-original Civilopedia art listed in this manifest	scripts/build_foss_icons.sh
RaylibUI/FOSSart/Icons/Advances/theology.png	bb007988ddc5ded2e66e63636c74940cc1e86c05357794e5a2d2cfa5f5a34c1f	1957	generated-project-art	crhy and rhYciv contributors	GPL-3.0-only	project-original Civilopedia art listed in this manifest	scripts/build_foss_icons.sh
RaylibUI/FOSSart/Icons/Advances/theoryofgravity.png	eaca70bcb83c20b420c4c5e6c2da64cbbd77132e50d3a92ea5f41c357462a7fc	1910	generated-project-art	crhy and rhYciv contributors	GPL-3.0-only	project-original Civilopedia art listed in this manifest	scripts/build_foss_icons.sh
RaylibUI/FOSSart/Icons/Advances/trade.png	d0a2defb76edfe8bb395204269807b9571adeb806105dd5ba3e21f2f0c4c7c11	1898	generated-project-art	crhy and rhYciv contributors	GPL-3.0-only	project-original Civilopedia art listed in this manifest	scripts/build_foss_icons.sh
RaylibUI/FOSSart/Icons/Advances/university.png	bf9d4d559d22a16833c9be00bfc630d0c9b30d74c53ff8e5a0363d807dac5366	1812	generated-project-art	crhy and rhYciv contributors	GPL-3.0-only	project-original Civilopedia art listed in this manifest	scripts/build_foss_icons.sh
RaylibUI/FOSSart/Icons/Advances/warriorcode.png	ddc44b1827368cff49a24531c04ab65064af8f4890d4e3b00bd48b21c239be88	1868	generated-project-art	crhy and rhYciv contributors	GPL-3.0-only	project-original Civilopedia art listed in this manifest	scripts/build_foss_icons.sh
RaylibUI/FOSSart/Icons/Advances/wheel.png	b81921a2e0fa9c604bd4dbc0fff50d3f5267a38d0fdaa5740e1ca84ad2931377	1957	generated-project-art	crhy and rhYciv contributors	GPL-3.0-only	project-original Civilopedia art listed in this manifest	scripts/build_foss_icons.sh
RaylibUI/FOSSart/Icons/Advances/writing.png	49eead854cfa23fedfe67510afdcc2dba2ce726a21a2753baba8a27c8d665c30	1840	generated-project-art	crhy and rhYciv contributors	GPL-3.0-only	project-original Civilopedia art listed in this manifest	scripts/build_foss_icons.sh
RaylibUI/FOSSart/Icons/Improvements/SAMbattery.png	02128a25da4b7f4c202fce98698816a0692261596a8515dd8825ca1378cdda3d	1954	generated-project-art	crhy and rhYciv contributors	GPL-3.0-only	project-original Civilopedia art listed in this manifest	scripts/build_foss_icons.sh
RaylibUI/FOSSart/Icons/Improvements/SDIdefense.png	266817f56b590a718274d37d67c3ba5e0c730f83ed9eed3d6ccbe5fad48aedb9	1894	generated-project-art	crhy and rhYciv contributors	GPL-3.0-only	project-original Civilopedia art listed in this manifest	scripts/build_foss_icons.sh
RaylibUI/FOSSart/Icons/Improvements/airport.png	b821fcc76718ac42dc3573112f5e4d74aa9d3541f86a95c9d40aad18876e7305	1955	generated-project-art	crhy and rhYciv contributors	GPL-3.0-only	project-original Civilopedia art listed in this manifest	scripts/build_foss_icons.sh
RaylibUI/FOSSart/Icons/Improvements/aqueduct.png	fbf6c25957602df72c55a93be0155297892245e0e48e4b3e5f93f406762b3fc4	1918	generated-project-art	crhy and rhYciv contributors	GPL-3.0-only	project-original Civilopedia art listed in this manifest	scripts/build_foss_icons.sh
RaylibUI/FOSSart/Icons/Improvements/bank.png	f16455b2011d6ad28061fc920e804dc005df1dad6685e302ba1422420fcf8e0b	1940	generated-project-art	crhy and rhYciv contributors	GPL-3.0-only	project-original Civilopedia art listed in this manifest	scripts/build_foss_icons.sh
RaylibUI/FOSSart/Icons/Improvements/barracks.png	8964db1bbc09905323760693af9472d936956c5422955503db20bf1c76e65b28	1822	generated-project-art	crhy and rhYciv contributors	GPL-3.0-only	project-original Civilopedia art listed in this manifest	scripts/build_foss_icons.sh
RaylibUI/FOSSart/Icons/Improvements/capitalization.png	913d594aa2a10ba88073dcded40d68c57de013c10cd0d9209ef21b0ae3053706	1877	generated-project-art	crhy and rhYciv contributors	GPL-3.0-only	project-original Civilopedia art listed in this manifest	scripts/build_foss_icons.sh
RaylibUI/FOSSart/Icons/Improvements/cathedral.png	8d9e3c79d7adfe74753588565bd69b1f3970f4a0e4664ef073cca6835a04b80c	1906	generated-project-art	crhy and rhYciv contributors	GPL-3.0-only	project-original Civilopedia art listed in this manifest	scripts/build_foss_icons.sh
RaylibUI/FOSSart/Icons/Improvements/citywalls.png	0ce85314f9ac73ff176086d7c88e4560a9d50df36cace3ab7d6c85e243cf59b6	1947	generated-project-art	crhy and rhYciv contributors	GPL-3.0-only	project-original Civilopedia art listed in this manifest	scripts/build_foss_icons.sh
RaylibUI/FOSSart/Icons/Improvements/coastalfortress.png	80db7733b1b6560955dbde970bdcc2b08d6cc19d874b065ce5fc703e0295a872	1970	generated-project-art	crhy and rhYciv contributors	GPL-3.0-only	project-original Civilopedia art listed in this manifest	scripts/build_foss_icons.sh
RaylibUI/FOSSart/Icons/Improvements/colosseum.png	d7ad549a5c273b8cdea168cc0dc9dbf8797bc6ed3b2233e79ef3d35d3b74735e	1938	generated-project-art	crhy and rhYciv contributors	GPL-3.0-only	project-original Civilopedia art listed in this manifest	scripts/build_foss_icons.sh
RaylibUI/FOSSart/Icons/Improvements/courthouse.png	12ef1189b60cea1c0d756b2f80b710acbd8d31795a152c5a0f47d81c4bb4d9a1	1911	generated-project-art	crhy and rhYciv contributors	GPL-3.0-only	project-original Civilopedia art listed in this manifest	scripts/build_foss_icons.sh
RaylibUI/FOSSart/Icons/Improvements/factory.png	4a3c6a02e546afb0100d808e8391adca9fec9f2ab7b8a5713fc1bdfdea3f84f4	1853	generated-project-art	crhy and rhYciv contributors	GPL-3.0-only	project-original Civilopedia art listed in this manifest	scripts/build_foss_icons.sh
RaylibUI/FOSSart/Icons/Improvements/granary.png	5093b25adea250f309569a449c4fa9d62a7195e654b8c743bfdc04cdfd1616ac	1853	generated-project-art	crhy and rhYciv contributors	GPL-3.0-only	project-original Civilopedia art listed in this manifest	scripts/build_foss_icons.sh
RaylibUI/FOSSart/Icons/Improvements/harbor.png	ee52de5ef29a9ba4e0bf4122e1b22d9a1c732f1de3d4e60daa3438db12da0ae5	1941	generated-project-art	crhy and rhYciv contributors	GPL-3.0-only	project-original Civilopedia art listed in this manifest	scripts/build_foss_icons.sh
RaylibUI/FOSSart/Icons/Improvements/hydroplant.png	523d48f59fd46f1938b522a64fc130f4f7837258c60c9225c57a6bebebf3f9e4	1960	generated-project-art	crhy and rhYciv contributors	GPL-3.0-only	project-original Civilopedia art listed in this manifest	scripts/build_foss_icons.sh
RaylibUI/FOSSart/Icons/Improvements/library.png	e15d12719da2e1862b34fac69d4f053c4aea1a14dc8f73dd51dd29c06efa84d3	1921	generated-project-art	crhy and rhYciv contributors	GPL-3.0-only	project-original Civilopedia art listed in this manifest	scripts/build_foss_icons.sh
RaylibUI/FOSSart/Icons/Improvements/manufacturingplant.png	a4c2e0ffa06649b500b0bedeffdb99276fb329dda9df814266fce4817fd90a36	1940	generated-project-art	crhy and rhYciv contributors	GPL-3.0-only	project-original Civilopedia art listed in this manifest	scripts/build_foss_icons.sh
RaylibUI/FOSSart/Icons/Improvements/marketplace.png	daff308e2167e5f9a709afed0a704b4e752c44d4aca9a9e0691efb9e2e97d912	1897	generated-project-art	crhy and rhYciv contributors	GPL-3.0-only	project-original Civilopedia art listed in this manifest	scripts/build_foss_icons.sh
RaylibUI/FOSSart/Icons/Improvements/masstransit.png	a6c9921b7317e212db9580ca81db11791de840df604a7da52edc46a3e44df239	1937	generated-project-art	crhy and rhYciv contributors	GPL-3.0-only	project-original Civilopedia art listed in this manifest	scripts/build_foss_icons.sh
RaylibUI/FOSSart/Icons/Improvements/nuclearplant.png	4f594294b0c3c5fde14596444b298094d93f7d08f4fe0a0118724ab93798ed41	1974	generated-project-art	crhy and rhYciv contributors	GPL-3.0-only	project-original Civilopedia art listed in this manifest	scripts/build_foss_icons.sh
RaylibUI/FOSSart/Icons/Improvements/offshoreplatform.png	eb539ceb3ec8a0ae07d4ff5ec01190f3debf69db5f0ebaeed4e939d85da84e78	1968	generated-project-art	crhy and rhYciv contributors	GPL-3.0-only	project-original Civilopedia art listed in this manifest	scripts/build_foss_icons.sh
RaylibUI/FOSSart/Icons/Improvements/palace.png	56dc48a3c9d0796037ce4af7ebec02dc7f1002114eceea550ae304c9872be470	1952	generated-project-art	crhy and rhYciv contributors	GPL-3.0-only	project-original Civilopedia art listed in this manifest	scripts/build_foss_icons.sh
RaylibUI/FOSSart/Icons/Improvements/policestation.png	c78434f23554949df92f9ce9233e7db0f7ab00f158660fa14889f01a560e604f	1889	generated-project-art	crhy and rhYciv contributors	GPL-3.0-only	project-original Civilopedia art listed in this manifest	scripts/build_foss_icons.sh
RaylibUI/FOSSart/Icons/Improvements/portfacility.png	665c65820f1e4b8000ad9292cee9bd2662e0c15b47f4e180dc25bf958da45d2c	1936	generated-project-art	crhy and rhYciv contributors	GPL-3.0-only	project-original Civilopedia art listed in this manifest	scripts/build_foss_icons.sh
RaylibUI/FOSSart/Icons/Improvements/powerplant.png	6af990cda8971eb4e9f068193d533a5c65e8b8766c26d954fffe46c7938269eb	1950	generated-project-art	crhy and rhYciv contributors	GPL-3.0-only	project-original Civilopedia art listed in this manifest	scripts/build_foss_icons.sh
RaylibUI/FOSSart/Icons/Improvements/recyclingcenter.png	a2236271ec24a119e02f25513725127cc885fd06d1f962cce4eb8b154da63a3a	1984	generated-project-art	crhy and rhYciv contributors	GPL-3.0-only	project-original Civilopedia art listed in this manifest	scripts/build_foss_icons.sh
RaylibUI/FOSSart/Icons/Improvements/researchlab.png	95004041d81e1cf27fd21a72361c61d02cbad1be7998138fc8944f990f4e51ba	1977	generated-project-art	crhy and rhYciv contributors	GPL-3.0-only	project-original Civilopedia art listed in this manifest	scripts/build_foss_icons.sh
RaylibUI/FOSSart/Icons/Improvements/sewersystem.png	e3f6e237c14b44b6a27f0e1e09ab7d174f95318a1bed1692a97f277d7d413fce	1812	generated-project-art	crhy and rhYciv contributors	GPL-3.0-only	project-original Civilopedia art listed in this manifest	scripts/build_foss_icons.sh
RaylibUI/FOSSart/Icons/Improvements/solarplant.png	3188815347ab61864d36e932a79f4f13ca38a7e9f02cd8d3356f321eefa599bf	1986	generated-project-art	crhy and rhYciv contributors	GPL-3.0-only	project-original Civilopedia art listed in this manifest	scripts/build_foss_icons.sh
RaylibUI/FOSSart/Icons/Improvements/stockexchange.png	a54403cfe4bc2bdc718a324d2b5ff358bfa82ac63ebef21ebe5e581e5035c6b3	1813	generated-project-art	crhy and rhYciv contributors	GPL-3.0-only	project-original Civilopedia art listed in this manifest	scripts/build_foss_icons.sh
RaylibUI/FOSSart/Icons/Improvements/superhighways.png	07b00b07cfe6ff603f4e55d0cab68787d147fe367252c0c33376e89f96f72663	1958	generated-project-art	crhy and rhYciv contributors	GPL-3.0-only	project-original Civilopedia art listed in this manifest	scripts/build_foss_icons.sh
RaylibUI/FOSSart/Icons/Improvements/supermarket.png	d0f3b99c43a1d3b3fa76a34e20392d061b7a446374838b77133bf8a18104bd76	1960	generated-project-art	crhy and rhYciv contributors	GPL-3.0-only	project-original Civilopedia art listed in this manifest	scripts/build_foss_icons.sh
RaylibUI/FOSSart/Icons/Improvements/temple.png	b13c9c8e5c5fb6e57543e8fcd70f6c23aea81324e34e1ca13d21df7588276166	1948	generated-project-art	crhy and rhYciv contributors	GPL-3.0-only	project-original Civilopedia art listed in this manifest	scripts/build_foss_icons.sh
RaylibUI/FOSSart/Icons/Improvements/university.png	256f62842c6b1484fc0fdadbfba3e2aebcd7ece244e587796ecf8350a2fb5b55	1924	generated-project-art	crhy and rhYciv contributors	GPL-3.0-only	project-original Civilopedia art listed in this manifest	scripts/build_foss_icons.sh
RaylibUI/FOSSart/Icons/Resources/food.png	57622762999352f01412683f8b0d7364179b1ea95f33630d1f6c010f8a46515b	14923	generated-project-art	crhy and rhYciv contributors	GPL-3.0-only	project-original Civilopedia art listed in this manifest	scripts/build_foss_icons.sh
RaylibUI/FOSSart/Icons/Resources/food_loss.png	0663a301c29b9bed5cfd08e1fc0739a5f538e6aaf8a45c61978e9d926cad4b00	14051	generated-project-art	crhy and rhYciv contributors	GPL-3.0-only	project-original Civilopedia art listed in this manifest	scripts/build_foss_icons.sh
RaylibUI/FOSSart/Icons/Resources/gold.png	4469c51ddc8d86a82ba5f683e03549ba90c5ac034928525b29a3f9cbf4d16b7c	17702	generated-project-art	crhy and rhYciv contributors	GPL-3.0-only	project-original Civilopedia art listed in this manifest	scripts/build_foss_icons.sh
RaylibUI/FOSSart/Icons/Resources/lux.png	43340910abc3f32dd0b2b5272f58585300cfba01678bc7d8f676bbc2f5348b95	15101	generated-project-art	crhy and rhYciv contributors	GPL-3.0-only	project-original Civilopedia art listed in this manifest	scripts/build_foss_icons.sh
RaylibUI/FOSSart/Icons/Resources/production.png	0614e779d11b4bde849a6c7e0ea0f4760b73d5b8a2ba18a3a14e8ae6692c1ead	15009	generated-project-art	crhy and rhYciv contributors	GPL-3.0-only	project-original Civilopedia art listed in this manifest	scripts/build_foss_icons.sh
RaylibUI/FOSSart/Icons/Resources/production_loss.png	fa0c877f26d16a5606ea04d65b9a2e20fb8e335ccc133fe20e93c4c975870a2b	13569	generated-project-art	crhy and rhYciv contributors	GPL-3.0-only	project-original Civilopedia art listed in this manifest	scripts/build_foss_icons.sh
RaylibUI/FOSSart/Icons/Resources/science.png	5752bf5f2944419a22cd5fdcaea4be26d208486b7b1fcd4a6e5f3e5a7b0977f4	14462	generated-project-art	crhy and rhYciv contributors	GPL-3.0-only	project-original Civilopedia art listed in this manifest	scripts/build_foss_icons.sh
RaylibUI/FOSSart/Icons/Resources/trade.png	affa7092fd0eabe9663f664a0fb6858f1789d898da8c0621febbd7e819fc92cc	16882	generated-project-art	crhy and rhYciv contributors	GPL-3.0-only	project-original Civilopedia art listed in this manifest	scripts/build_foss_icons.sh
RaylibUI/FOSSart/Icons/Resources/trade_loss.png	d969794c23530005ec72108c16e782be866dd8b56aa1786b0ab0906da7103713	15280	generated-project-art	crhy and rhYciv contributors	GPL-3.0-only	project-original Civilopedia art listed in this manifest	scripts/build_foss_icons.sh
RaylibUI/FOSSart/Icons/Wonders/SETIprogram.png	e8871891663d6209c54fe9e87d2d94502bbc00877ef2e83150c25db0c0f17b74	1886	generated-project-art	crhy and rhYciv contributors	GPL-3.0-only	project-original Civilopedia art listed in this manifest	scripts/build_foss_icons.sh
RaylibUI/FOSSart/Icons/Wonders/adamsmith'stradingcompany.png	903567487d15cd7bdf482bf93657bd038c0eba5faf97f771818bd9fc919eea5b	1893	generated-project-art	crhy and rhYciv contributors	GPL-3.0-only	project-original Civilopedia art listed in this manifest	scripts/build_foss_icons.sh
RaylibUI/FOSSart/Icons/Wonders/apolloprogram.png	3b2b4af20e0badd36365bcbbfd5533498a8a64f2a52490c320c6f0b80c292bdb	1993	generated-project-art	crhy and rhYciv contributors	GPL-3.0-only	project-original Civilopedia art listed in this manifest	scripts/build_foss_icons.sh
RaylibUI/FOSSart/Icons/Wonders/colossus.png	6caf0d593d46a8f2ed5edccacd8cf7def40dda8359abd9ba83ce66685c398d59	1975	generated-project-art	crhy and rhYciv contributors	GPL-3.0-only	project-original Civilopedia art listed in this manifest	scripts/build_foss_icons.sh
RaylibUI/FOSSart/Icons/Wonders/copernicus'observatory.png	ad3ee4715317c54963aebacbf56d6b2fbda372811515d8d6987c7f61673173a8	1961	generated-project-art	crhy and rhYciv contributors	GPL-3.0-only	project-original Civilopedia art listed in this manifest	scripts/build_foss_icons.sh
RaylibUI/FOSSart/Icons/Wonders/cureforcancer.png	15f4f3c7113bc0ffc256f9f081c642a99e86c8aed33cecd388fe34dbecb24423	1857	generated-project-art	crhy and rhYciv contributors	GPL-3.0-only	project-original Civilopedia art listed in this manifest	scripts/build_foss_icons.sh
RaylibUI/FOSSart/Icons/Wonders/darwin'svoyage.png	1194ce56dfedcf8eb7e617a283eca7bed08319ed7c6ff902fa0a2540fe7ce159	1853	generated-project-art	crhy and rhYciv contributors	GPL-3.0-only	project-original Civilopedia art listed in this manifest	scripts/build_foss_icons.sh
RaylibUI/FOSSart/Icons/Wonders/eiffeltower.png	346ca47bc215b416625ddebc23857a6914b6d24836af2c4bb6e14b88492db251	1934	generated-project-art	crhy and rhYciv contributors	GPL-3.0-only	project-original Civilopedia art listed in this manifest	scripts/build_foss_icons.sh
RaylibUI/FOSSart/Icons/Wonders/greatlibrary.png	81c26a11e87cdffe9c2e71b1a2572ed1c03e38617c529b7e6b356ae03b080253	1970	generated-project-art	crhy and rhYciv contributors	GPL-3.0-only	project-original Civilopedia art listed in this manifest	scripts/build_foss_icons.sh
RaylibUI/FOSSart/Icons/Wonders/greatwall.png	24b4ec761dedcedcb883b323bb0f2c9e433be8cd7f8c2b597391d3abf3226a46	1928	generated-project-art	crhy and rhYciv contributors	GPL-3.0-only	project-original Civilopedia art listed in this manifest	scripts/build_foss_icons.sh
RaylibUI/FOSSart/Icons/Wonders/hanginggardens.png	c9d09dd784ca7af68c015820515a8dfa0df0c3e9a8099caa657c58a4b37ec6f4	1985	generated-project-art	crhy and rhYciv contributors	GPL-3.0-only	project-original Civilopedia art listed in this manifest	scripts/build_foss_icons.sh
RaylibUI/FOSSart/Icons/Wonders/hooverdam.png	0f7b2c6e2329fe0cae8d57589f7877bb8ec03e5687da664d1dc8616b0e3661ab	1971	generated-project-art	crhy and rhYciv contributors	GPL-3.0-only	project-original Civilopedia art listed in this manifest	scripts/build_foss_icons.sh
RaylibUI/FOSSart/Icons/Wonders/isaacnewton'scollege.png	9a30a84baad340e7993b67cc6941504feaa6dd07e16add08d3eb284d5b24afba	1944	generated-project-art	crhy and rhYciv contributors	GPL-3.0-only	project-original Civilopedia art listed in this manifest	scripts/build_foss_icons.sh
RaylibUI/FOSSart/Icons/Wonders/jsbach'scathedral.png	7768f8569527f1588d75e00219ab06a99a2f381ee5c02692bb4f6fa8807701a1	1915	generated-project-art	crhy and rhYciv contributors	GPL-3.0-only	project-original Civilopedia art listed in this manifest	scripts/build_foss_icons.sh
RaylibUI/FOSSart/Icons/Wonders/kingrichardscrusade.png	b745cf81ee85c4845c4409d7f08590e93fd5c4b0bb9c9cd32a9b6a6d5fbf4162	1919	generated-project-art	crhy and rhYciv contributors	GPL-3.0-only	project-original Civilopedia art listed in this manifest	scripts/build_foss_icons.sh
RaylibUI/FOSSart/Icons/Wonders/leonardo'sworkshop.png	09b0418a1b25d05d48cde7d3418a2f1c7cca5b9d4b082c05a6c4c3e6b2ff663b	1929	generated-project-art	crhy and rhYciv contributors	GPL-3.0-only	project-original Civilopedia art listed in this manifest	scripts/build_foss_icons.sh
RaylibUI/FOSSart/Icons/Wonders/lighthouse.png	e6b678c0587385152fd1337f61ad10404716873990e2b2ccb9ac92df7d8f2c1c	1969	generated-project-art	crhy and rhYciv contributors	GPL-3.0-only	project-original Civilopedia art listed in this manifest	scripts/build_foss_icons.sh
RaylibUI/FOSSart/Icons/Wonders/magellan'sexpedition.png	144ceb1f5ea1401edc2f29b676fde52d4ccfab40e70312c64bd6eb6a7aea3860	1960	generated-project-art	crhy and rhYciv contributors	GPL-3.0-only	project-original Civilopedia art listed in this manifest	scripts/build_foss_icons.sh
RaylibUI/FOSSart/Icons/Wonders/manhattanproject.png	60890861955dc641a955e9eaac77b6911cb72e1aeca0bbc070d6d514dfd658ce	1922	generated-project-art	crhy and rhYciv contributors	GPL-3.0-only	project-original Civilopedia art listed in this manifest	scripts/build_foss_icons.sh
RaylibUI/FOSSart/Icons/Wonders/marcopolo'sembassy.png	11f6c77476322fb799d8c951e90652275af45d963ae02b8cd085bcb1f168ce85	1924	generated-project-art	crhy and rhYciv contributors	GPL-3.0-only	project-original Civilopedia art listed in this manifest	scripts/build_foss_icons.sh
RaylibUI/FOSSart/Icons/Wonders/michelangelo'schapel.png	0b08c13a247f9940b199c9b74b2af020581d84d0bf23dcf0f6394d1cfb0c4107	1925	generated-project-art	crhy and rhYciv contributors	GPL-3.0-only	project-original Civilopedia art listed in this manifest	scripts/build_foss_icons.sh
RaylibUI/FOSSart/Icons/Wonders/oracle.png	dea57a58cdfbf95e0383af76ce0ac6dfbda16910e2e8ed5e665dd02d19ef5887	1965	generated-project-art	crhy and rhYciv contributors	GPL-3.0-only	project-original Civilopedia art listed in this manifest	scripts/build_foss_icons.sh
RaylibUI/FOSSart/Icons/Wonders/pyramids.png	8688b6183510c29fcf9aa1a3ccc0743323524439629ec33a31713cd48b96f02f	1966	generated-project-art	crhy and rhYciv contributors	GPL-3.0-only	project-original Civilopedia art listed in this manifest	scripts/build_foss_icons.sh
RaylibUI/FOSSart/Icons/Wonders/shakespeare'stheatre.png	afecf5a4fa633bc601d8eb18df66abbe964964c44312c04732af6439d9c78511	1899	generated-project-art	crhy and rhYciv contributors	GPL-3.0-only	project-original Civilopedia art listed in this manifest	scripts/build_foss_icons.sh
RaylibUI/FOSSart/Icons/Wonders/statueofliberty.png	51247f8b2a9f55331243c498a29e1e19f99a3f5fe606d85bb82ff59dc872aeef	1965	generated-project-art	crhy and rhYciv contributors	GPL-3.0-only	project-original Civilopedia art listed in this manifest	scripts/build_foss_icons.sh
RaylibUI/FOSSart/Icons/Wonders/suntzu'swaracademy.png	50d8634e4031ee06741513ae2ac7b7e9e6116ad39200b2ede792b8a69b241e59	1966	generated-project-art	crhy and rhYciv contributors	GPL-3.0-only	project-original Civilopedia art listed in this manifest	scripts/build_foss_icons.sh
RaylibUI/FOSSart/Icons/Wonders/unitednations.png	fc353043333a7515cb81890df475909b6b5a4bd31524d8a93efd0645b207df1f	1945	generated-project-art	crhy and rhYciv contributors	GPL-3.0-only	project-original Civilopedia art listed in this manifest	scripts/build_foss_icons.sh
RaylibUI/FOSSart/Icons/Wonders/womenssuffrage.png	50963e6df2a1489efe4a3ff4061714c492dd0d4fe9040d0ae8904d2a592979c5	1825	generated-project-art	crhy and rhYciv contributors	GPL-3.0-only	project-original Civilopedia art listed in this manifest	scripts/build_foss_icons.sh
RaylibUI/FOSSart/Improvements/SAMbattery.jpg	c93fe6373ca3536d9ce043d3b8166cea5dce1da5fa78be2c8881719e6519cf09	210600	project-original-art	crhy and rhYciv contributors	GPL-3.0-only	https://github.com/crhy/rhYciv	none
RaylibUI/FOSSart/Improvements/SDIdefense.jpg	46d0edd5e343fce3c17805c0f9847a033833ac5ee1b6bc3d82d899f82a6f4716	390405	project-original-art	crhy and rhYciv contributors	GPL-3.0-only	https://github.com/crhy/rhYciv	none
RaylibUI/FOSSart/Improvements/airport.jpg	cfddd791a2b3d15c156aa8a35b080239d1bb2598d72c9fa5fde3ed2feecd649e	363390	project-original-art	crhy and rhYciv contributors	GPL-3.0-only	https://github.com/crhy/rhYciv	none
RaylibUI/FOSSart/Improvements/aqueduct.jpg	1823b9dec0b40216d00d763f899e4014bf57fa986a06a2a0db5f3903d73864fb	491191	project-original-art	crhy and rhYciv contributors	GPL-3.0-only	https://github.com/crhy/rhYciv	none
RaylibUI/FOSSart/Improvements/bank.jpg	ccfe13f4674643aac57ed216ab883b29edc7b785276baebc496dbb63d31b655d	350416	project-original-art	crhy and rhYciv contributors	GPL-3.0-only	https://github.com/crhy/rhYciv	none
RaylibUI/FOSSart/Improvements/barracks.jpg	bb38acc6786ad7e2f6bb212d36b0c2824a8566e9bf1e6d821f4e79c31d5a5806	357018	project-original-art	crhy and rhYciv contributors	GPL-3.0-only	https://github.com/crhy/rhYciv	none
RaylibUI/FOSSart/Improvements/capitalization.jpg	af4aaa7a6c780b20063e38f9d83c0522d644dfd4fe6500f3b29f7e2a29bb5c0f	374182	project-original-art	crhy and rhYciv contributors	GPL-3.0-only	https://github.com/crhy/rhYciv	none
RaylibUI/FOSSart/Improvements/cathedral.jpg	f37de8f28f8cb7e5348e1569963e420dad53d776d56b770323ed8ee1520bc8df	347867	project-original-art	crhy and rhYciv contributors	GPL-3.0-only	https://github.com/crhy/rhYciv	none
RaylibUI/FOSSart/Improvements/citywalls.jpg	b7f0f0d2db96d431732c684643ecdd1500097fb3733ec38b385beb6fc5cdaea0	402730	project-original-art	crhy and rhYciv contributors	GPL-3.0-only	https://github.com/crhy/rhYciv	none
RaylibUI/FOSSart/Improvements/coastalfortress.jpg	784f4dfc333a0c4c911e4b4024446d5855a6f618473fc675f930e873b22748e1	266716	project-original-art	crhy and rhYciv contributors	GPL-3.0-only	https://github.com/crhy/rhYciv	none
RaylibUI/FOSSart/Improvements/colosseum.jpg	e65d206def545cbc593fbeb45718935098f3fd83430b251ed644f8db79f0c874	449349	project-original-art	crhy and rhYciv contributors	GPL-3.0-only	https://github.com/crhy/rhYciv	none
RaylibUI/FOSSart/Improvements/courthouse.jpg	62e5d75940ddf9a7db01278086e5448b3171daee4579dafaed5ca882efad87ca	432583	project-original-art	crhy and rhYciv contributors	GPL-3.0-only	https://github.com/crhy/rhYciv	none
RaylibUI/FOSSart/Improvements/factory.jpg	6d40e278f2cadaba426e4edc4a544e7334b0d2184833764f5647ac71a7d56f42	407730	project-original-art	crhy and rhYciv contributors	GPL-3.0-only	https://github.com/crhy/rhYciv	none
RaylibUI/FOSSart/Improvements/granary.jpg	15c9c0f0fd678e5647be6add87b808f183185ff4f04cec21b3dc42922750f741	373995	project-original-art	crhy and rhYciv contributors	GPL-3.0-only	https://github.com/crhy/rhYciv	none
RaylibUI/FOSSart/Improvements/harbor.jpg	4001d4d03b692a72d54d03b43811c64f2877ecb41be4e746b2b98e13fa034c63	333989	project-original-art	crhy and rhYciv contributors	GPL-3.0-only	https://github.com/crhy/rhYciv	none
RaylibUI/FOSSart/Improvements/hydroplant.jpg	a80bb01de3077d0e7fd80b955075d1979e553b5be4eedc3561837a7a0365ec68	374162	project-original-art	crhy and rhYciv contributors	GPL-3.0-only	https://github.com/crhy/rhYciv	none
RaylibUI/FOSSart/Improvements/library.jpg	08192f6084af4c6834fa36f3feac2ae780fe8648d98b79f2c4ada5d30a2756da	487006	project-original-art	crhy and rhYciv contributors	GPL-3.0-only	https://github.com/crhy/rhYciv	none
RaylibUI/FOSSart/Improvements/manufacturingplant.jpg	f47b52f5d90d33a338db90c9468bef9c0712a4033375b777042a7bcefc6ad183	347177	project-original-art	crhy and rhYciv contributors	GPL-3.0-only	https://github.com/crhy/rhYciv	none
RaylibUI/FOSSart/Improvements/marketplace.jpg	a187076e7276ca4d22f2537e85e0ad2e8b4605336f2aaaf51c602960fbf0f104	403715	project-original-art	crhy and rhYciv contributors	GPL-3.0-only	https://github.com/crhy/rhYciv	none
RaylibUI/FOSSart/Improvements/masstransit.jpg	14bd013167ecfe4e4b75ff9f9e62282758fee8f00fe8640a243f05ec4265ec19	466382	project-original-art	crhy and rhYciv contributors	GPL-3.0-only	https://github.com/crhy/rhYciv	none
RaylibUI/FOSSart/Improvements/nuclearplant.jpg	a55daa2b07ab48070e7dde3e0d3f72ee09b1f556914d9afa89145f5d144e114f	373345	project-original-art	crhy and rhYciv contributors	GPL-3.0-only	https://github.com/crhy/rhYciv	none
RaylibUI/FOSSart/Improvements/offshoreplatform.jpg	d6bb3f82ef58d1cbe8b389234c46604c78bd7fd5f1bce5b6d43a0fc446d4d5c3	333784	project-original-art	crhy and rhYciv contributors	GPL-3.0-only	https://github.com/crhy/rhYciv	none
RaylibUI/FOSSart/Improvements/palace.jpg	011b56792f7e2c386bb97ca67a21a7c2c72a8c8aebcfe1d750cb94647d958eef	396957	project-original-art	crhy and rhYciv contributors	GPL-3.0-only	https://github.com/crhy/rhYciv	none
RaylibUI/FOSSart/Improvements/policestation.jpg	af974d15778a1b42c682557da4ed29f0b7f4c9561c91ad3c809c2e170b1d1c5a	278456	project-original-art	crhy and rhYciv contributors	GPL-3.0-only	https://github.com/crhy/rhYciv	none
RaylibUI/FOSSart/Improvements/portfacility.jpg	a0b884faeb7a667e78eb36e0392d3f943134cf9cede50f7dc5a491b53dac58d1	351285	project-original-art	crhy and rhYciv contributors	GPL-3.0-only	https://github.com/crhy/rhYciv	none
RaylibUI/FOSSart/Improvements/powerplant.jpg	be6740c7f42ac64d16367cf2b65ece158c6de0a01766786b075f31d33af079be	344801	project-original-art	crhy and rhYciv contributors	GPL-3.0-only	https://github.com/crhy/rhYciv	none
RaylibUI/FOSSart/Improvements/recyclingcenter.jpg	d2f6ca69c29715777bd434423bf83a64e5b42c7374cf86129da7351196dc649e	344662	project-original-art	crhy and rhYciv contributors	GPL-3.0-only	https://github.com/crhy/rhYciv	none
RaylibUI/FOSSart/Improvements/researchlab.jpg	517d4b5b45bdef97eea432fc4638493a468fcdd75863d70f8f22aa7902b2a174	312904	project-original-art	crhy and rhYciv contributors	GPL-3.0-only	https://github.com/crhy/rhYciv	none
RaylibUI/FOSSart/Improvements/sewersystem.jpg	b591c80bad9296104d657fc403a931518761803196ec63e1fa123cbf29f57f52	368543	project-original-art	crhy and rhYciv contributors	GPL-3.0-only	https://github.com/crhy/rhYciv	none
RaylibUI/FOSSart/Improvements/solarplant.jpg	fe5cc8eefc9695ea55490fb74f4717085c6a52e138c0dbe50940004eb25dbd8a	385700	project-original-art	crhy and rhYciv contributors	GPL-3.0-only	https://github.com/crhy/rhYciv	none
RaylibUI/FOSSart/Improvements/stockexchange.jpg	66ba1d66225fd988fd035e4eb121ff0503f23d11fe7ae92ce1b5c53a8c4ec542	387301	project-original-art	crhy and rhYciv contributors	GPL-3.0-only	https://github.com/crhy/rhYciv	none
RaylibUI/FOSSart/Improvements/superhighways.jpg	a631c80d956f00136e29d2de5ff1700d673b456c8ec803f993cd550a9878f3f8	322751	project-original-art	crhy and rhYciv contributors	GPL-3.0-only	https://github.com/crhy/rhYciv	none
RaylibUI/FOSSart/Improvements/supermarket.jpg	7b5f8555088bbe8bf74baed0501cfc0bcff7daec26a0c2651df69f23d7bf322f	477946	project-original-art	crhy and rhYciv contributors	GPL-3.0-only	https://github.com/crhy/rhYciv	none
RaylibUI/FOSSart/Improvements/temple.jpg	e2532a1c19e68e2ac7a6959d717158f48eeeaf0eaf0bc7b279f937f88822c989	332246	project-original-art	crhy and rhYciv contributors	GPL-3.0-only	https://github.com/crhy/rhYciv	none
RaylibUI/FOSSart/Improvements/university.jpg	74e2b835ef9acd8fc15ad7425f7f739fb19a3c782c7eb7f88f2f162561933bf6	454421	project-original-art	crhy and rhYciv contributors	GPL-3.0-only	https://github.com/crhy/rhYciv	none
RaylibUI/FOSSart/Leaders/MichaelCollinsb.jpg	ffb652e30546c0bdf5d8d54034a3af14198f0701658ffa6f9c88f185ef8e0b28	80677	project-original-art	crhy and rhYciv contributors	GPL-3.0-only	https://github.com/crhy/rhYciv	none
RaylibUI/FOSSart/Leaders/Portraits/americanfemale.jpg	40d361972fd2924ae2612f32fe2558275a101e4e7250b6dc06faf2786327f95e	482276	project-original-art	crhy and rhYciv contributors	GPL-3.0-only	https://github.com/crhy/rhYciv	none
RaylibUI/FOSSart/Leaders/Portraits/americanmale.jpg	5af7c8f0fe23d03292d75830effdfc7ac35d693825e805efbe08216d5c803894	487114	project-original-art	crhy and rhYciv contributors	GPL-3.0-only	https://github.com/crhy/rhYciv	none
RaylibUI/FOSSart/Leaders/Portraits/aztecfemale.jpg	6b6d3d5d3d4c2c437d127af9b667418ab0ae56935af4a5234f488e3c310de245	528357	project-original-art	crhy and rhYciv contributors	GPL-3.0-only	https://github.com/crhy/rhYciv	none
RaylibUI/FOSSart/Leaders/Portraits/aztecmale.jpg	d64b06374163b24175c96672512502cb10fc12cec9e805a4ef2d88d1de892eec	556964	project-original-art	crhy and rhYciv contributors	GPL-3.0-only	https://github.com/crhy/rhYciv	none
RaylibUI/FOSSart/Leaders/Portraits/babylonianfemale.jpg	ab709aedd8b9268fdb5835a8597e441134ddf1695ff448191cd87114004117d4	508099	project-original-art	crhy and rhYciv contributors	GPL-3.0-only	https://github.com/crhy/rhYciv	none
RaylibUI/FOSSart/Leaders/Portraits/babylonianmale.jpg	67bcfa4674db87c48b506a4b07eb650b89da4a86577d56231f723924fe7c501d	526858	project-original-art	crhy and rhYciv contributors	GPL-3.0-only	https://github.com/crhy/rhYciv	none
RaylibUI/FOSSart/Leaders/Portraits/carthaginianfemale.jpg	65b34bde37611b01c155be0fd2db6da7afef1b98e89c805ddff89aeb38f58106	415086	project-original-art	crhy and rhYciv contributors	GPL-3.0-only	https://github.com/crhy/rhYciv	none
RaylibUI/FOSSart/Leaders/Portraits/carthaginianmale.jpg	cd9eccc70df0ba5e141763b226bb612d8f400dc2354c3df8a3a840aaff8f84b9	467742	project-original-art	crhy and rhYciv contributors	GPL-3.0-only	https://github.com/crhy/rhYciv	none
RaylibUI/FOSSart/Leaders/Portraits/celtfemale.jpg	9be3c9e92e9c84c4ac47d02905f295a3a45afb480bfbc1cb446eb3b0e419d623	480731	project-original-art	crhy and rhYciv contributors	GPL-3.0-only	https://github.com/crhy/rhYciv	none
RaylibUI/FOSSart/Leaders/Portraits/celtmale.jpg	92880574f148aceb379120b6d15047d48bdf95fa69565f495aaf63646f7ceda9	499122	project-original-art	crhy and rhYciv contributors	GPL-3.0-only	https://github.com/crhy/rhYciv	none
RaylibUI/FOSSart/Leaders/Portraits/chinesefemale.jpg	b07192931e48279e0aae499600b6eb2c195c868a68d2ec917386a540bb88e314	441719	project-original-art	crhy and rhYciv contributors	GPL-3.0-only	https://github.com/crhy/rhYciv	none
RaylibUI/FOSSart/Leaders/Portraits/chinesemale.jpg	e5ef062134a82cb62eb7c2e0e9c53fc8cd979c42329927b825d524773039fb72	342241	project-original-art	crhy and rhYciv contributors	GPL-3.0-only	https://github.com/crhy/rhYciv	none
RaylibUI/FOSSart/Leaders/Portraits/egyptianfemale.jpg	d609fc81393de6c1c0a6084c0d00991d5278a5c8f8cac9d85541c31d4f1cf6fd	476372	project-original-art	crhy and rhYciv contributors	GPL-3.0-only	https://github.com/crhy/rhYciv	none
RaylibUI/FOSSart/Leaders/Portraits/egyptianmale.jpg	816835b6ee271d1457543bd848aded1d618fdd84685a8c3e0d965002d94e89c9	520434	project-original-art	crhy and rhYciv contributors	GPL-3.0-only	https://github.com/crhy/rhYciv	none
RaylibUI/FOSSart/Leaders/Portraits/englishfemale.jpg	3d72eabd814aa950bb53d94bbc5c1c8ec0dd00a6abb14a62390abf7403967f68	493774	project-original-art	crhy and rhYciv contributors	GPL-3.0-only	https://github.com/crhy/rhYciv	none
RaylibUI/FOSSart/Leaders/Portraits/englishmale.jpg	b7a5bf316ffc85fbb6f82bbe95313f536cd9b485c6ab90cf8b82b4ff34bfdd3f	481544	project-original-art	crhy and rhYciv contributors	GPL-3.0-only	https://github.com/crhy/rhYciv	none
RaylibUI/FOSSart/Leaders/Portraits/frenchfemale.jpg	c460bde9fb2af242e1ab00a9311bd7d4d4a9ceb429bdedf286b35c035c6a56f0	453874	project-original-art	crhy and rhYciv contributors	GPL-3.0-only	https://github.com/crhy/rhYciv	none
RaylibUI/FOSSart/Leaders/Portraits/frenchmale.jpg	da6b3a7e61d3088694b7f8d29b56f3cd816f9bf0d1ef8d10080d294633dba8da	398561	project-original-art	crhy and rhYciv contributors	GPL-3.0-only	https://github.com/crhy/rhYciv	none
RaylibUI/FOSSart/Leaders/Portraits/germanfemale.jpg	b36e9d9145ab8d18ac337219213c976d5556dbee39280d8b8408c4f38bc3edcb	489595	project-original-art	crhy and rhYciv contributors	GPL-3.0-only	https://github.com/crhy/rhYciv	none
RaylibUI/FOSSart/Leaders/Portraits/germanmale.jpg	c5c0667153ecc699187a483e33415a9a35e3ecb796176b9db5c9da3bb0ce6874	447429	project-original-art	crhy and rhYciv contributors	GPL-3.0-only	https://github.com/crhy/rhYciv	none
RaylibUI/FOSSart/Leaders/Portraits/greekfemale.jpg	c46e960ed6eb50375f82f6acf0005248b939131903578ef53b17f8db3639e99a	483154	project-original-art	crhy and rhYciv contributors	GPL-3.0-only	https://github.com/crhy/rhYciv	none
RaylibUI/FOSSart/Leaders/Portraits/greekmale.jpg	cff72ed5ebf7ad58628c55a92b461832f5f6ef6323d07c7437a456d09a4d7fe1	495098	project-original-art	crhy and rhYciv contributors	GPL-3.0-only	https://github.com/crhy/rhYciv	none
RaylibUI/FOSSart/Leaders/Portraits/indianfemale.jpg	f34830904d5e605398867a9e23d1a3ea51ab65851d72918df0351731ecd28341	365225	project-original-art	crhy and rhYciv contributors	GPL-3.0-only	https://github.com/crhy/rhYciv	none
RaylibUI/FOSSart/Leaders/Portraits/indianmale.jpg	2123d734b06e8082c75eb04920845bd0737204193b1969881c593f5e924b1ca1	430273	project-original-art	crhy and rhYciv contributors	GPL-3.0-only	https://github.com/crhy/rhYciv	none
RaylibUI/FOSSart/Leaders/Portraits/japanesefemale.jpg	34caed2eabe10bed2210835bb02aa88e4d8e25a6b457f9b6a31804b320b27b4d	439347	project-original-art	crhy and rhYciv contributors	GPL-3.0-only	https://github.com/crhy/rhYciv	none
RaylibUI/FOSSart/Leaders/Portraits/japanesemale.jpg	21d6525e3c794e5f7b22c783cfffdef3773af46eab5031dcf697ea715c57a671	436185	project-original-art	crhy and rhYciv contributors	GPL-3.0-only	https://github.com/crhy/rhYciv	none
RaylibUI/FOSSart/Leaders/Portraits/mongolfemale.jpg	a3fb75fd97c319bf76c083fa1ff493581a0443312d9f2d14698aa70de90a838d	486017	project-original-art	crhy and rhYciv contributors	GPL-3.0-only	https://github.com/crhy/rhYciv	none
RaylibUI/FOSSart/Leaders/Portraits/mongolmale.jpg	772e6eb4fb8596a136a03b72dd26b89da94968df6596fea5e2bdced41d921e02	515770	project-original-art	crhy and rhYciv contributors	GPL-3.0-only	https://github.com/crhy/rhYciv	none
RaylibUI/FOSSart/Leaders/Portraits/persianfemale.jpg	2b00681079b8e17e82516a067b2836659a2c6a817e5662fecea6da728adb0f3b	448868	project-original-art	crhy and rhYciv contributors	GPL-3.0-only	https://github.com/crhy/rhYciv	none
RaylibUI/FOSSart/Leaders/Portraits/persianmale.jpg	43dfcd27e52c4b4f81ddfdae4d2a10110d2418480aa0685e70ba9834e643f76c	527075	project-original-art	crhy and rhYciv contributors	GPL-3.0-only	https://github.com/crhy/rhYciv	none
RaylibUI/FOSSart/Leaders/Portraits/romanfemale.jpg	87b96867fb3357531e06dbdedb97ea2615b6c1ebaacc6bd0b1a7c35ddc741ad0	451851	project-original-art	crhy and rhYciv contributors	GPL-3.0-only	https://github.com/crhy/rhYciv	none
RaylibUI/FOSSart/Leaders/Portraits/romanmale.jpg	c8fc8a0659823f665a400fb7fc0df4c00d76e5ee23ff190115507011dd9c6564	488259	project-original-art	crhy and rhYciv contributors	GPL-3.0-only	https://github.com/crhy/rhYciv	none
RaylibUI/FOSSart/Leaders/Portraits/russianfemale.jpg	901e7c2f614fd14fef1eb79ccecda983ed18106abc4e8cad73def150d15f8829	435111	project-original-art	crhy and rhYciv contributors	GPL-3.0-only	https://github.com/crhy/rhYciv	none
RaylibUI/FOSSart/Leaders/Portraits/russianmale.jpg	000718fdce4b4b7e0026cf4d27cbba91857a8e689ad49c9d874ff49612ea0aea	457149	project-original-art	crhy and rhYciv contributors	GPL-3.0-only	https://github.com/crhy/rhYciv	none
RaylibUI/FOSSart/Leaders/Portraits/siouxfemale.jpg	e99063b374be7f735813b165e8aa87701497fa3a5d361365be71293990e92251	454059	project-original-art	crhy and rhYciv contributors	GPL-3.0-only	https://github.com/crhy/rhYciv	none
RaylibUI/FOSSart/Leaders/Portraits/siouxmale.jpg	ae4a6b5b747e8cd1affb8efc72cf4731f431e82b85b1b18a3b09f5f8e7242ae7	479976	project-original-art	crhy and rhYciv contributors	GPL-3.0-only	https://github.com/crhy/rhYciv	none
RaylibUI/FOSSart/Leaders/Portraits/spanishfemale.jpg	732a636c79db1555a7b2c34a8332ad0071e67968a18a69038a249ed1e957f6ab	505544	project-original-art	crhy and rhYciv contributors	GPL-3.0-only	https://github.com/crhy/rhYciv	none
RaylibUI/FOSSart/Leaders/Portraits/spanishmale.jpg	b9abda71d7a881017d794cf80ac5b44d96a31d914cc1643c87c570ac0214082e	493663	project-original-art	crhy and rhYciv contributors	GPL-3.0-only	https://github.com/crhy/rhYciv	none
RaylibUI/FOSSart/Leaders/Portraits/vikingfemale.jpg	b7aacee5db6fc5c690de66b7e77afb80c5cd6024152498f641aafb92a1eadf7b	506976	project-original-art	crhy and rhYciv contributors	GPL-3.0-only	https://github.com/crhy/rhYciv	none
RaylibUI/FOSSart/Leaders/Portraits/vikingmale.jpg	f42be31a078ffc18bd6982192d0c07b933ad4c70467a2ec350c72dccd32537f2	494547	project-original-art	crhy and rhYciv contributors	GPL-3.0-only	https://github.com/crhy/rhYciv	none
RaylibUI/FOSSart/Leaders/Portraits/zulufemale.jpg	dff165635606709b41cba3a868a1e8b0db503e4ed16841337821fa20ab667b74	413040	project-original-art	crhy and rhYciv contributors	GPL-3.0-only	https://github.com/crhy/rhYciv	none
RaylibUI/FOSSart/Leaders/Portraits/zulumale.jpg	ced93692b7e6bdf1c22ed1175223bf2b5963341bb4bbebe321dd12af3b6a6130	443551	project-original-art	crhy and rhYciv contributors	GPL-3.0-only	https://github.com/crhy/rhYciv	none
RaylibUI/FOSSart/Leaders/alexandergreekb.jpg	5a7f28d939ba01f43823687f21d38dae680919ab0ca37a0ea0636e0812e23379	105698	project-original-art	crhy and rhYciv contributors	GPL-3.0-only	https://github.com/crhy/rhYciv	none
RaylibUI/FOSSart/Leaders/baghat.jpg	dcdf707bb4eb1bfc58fcb0f3be50428000bf48d8a75cc0ba7190a5c4eb9b14ff	88438	project-original-art	crhy and rhYciv contributors	GPL-3.0-only	https://github.com/crhy/rhYciv	none
RaylibUI/FOSSart/Leaders/bjornironsidesvikingb.jpg	67cd33b30d585017f0ddb6bb07616481e489260bb439e5861142ebdc4bf1bffe	58380	project-original-art	crhy and rhYciv contributors	GPL-3.0-only	https://github.com/crhy/rhYciv	none
RaylibUI/FOSSart/Leaders/caesarb.jpg	b2dad3016baef4fd24bc59de2f4a2ffce44239b459f83bc0cc40f49638cae160	62998	project-original-art	crhy and rhYciv contributors	GPL-3.0-only	https://github.com/crhy/rhYciv	none
RaylibUI/FOSSart/Leaders/christophercolumbusb.jpg	e86a100d1655ce182b1cac1367e568fbdedee8b333624a11e2e1a6542970baba	94777	project-original-art	crhy and rhYciv contributors	GPL-3.0-only	https://github.com/crhy/rhYciv	none
RaylibUI/FOSSart/Leaders/ghengis2b.jpg	d6bc9cad0bd5d323b9a63e50790254eb76c53327f6d065033bd21a687f6eeb2a	67282	project-original-art	crhy and rhYciv contributors	GPL-3.0-only	https://github.com/crhy/rhYciv	none
RaylibUI/FOSSart/Leaders/hamurabaib.jpg	565573e40161bcf0596a2bceb21803f0ec3b70692ad9774947156349ba1eb239	72319	project-original-art	crhy and rhYciv contributors	GPL-3.0-only	https://github.com/crhy/rhYciv	none
RaylibUI/FOSSart/Leaders/hannibalb.jpg	d0ca413331f89e3b202b8c20155f7c97ebc8262541895008be54fa578e896621	89168	project-original-art	crhy and rhYciv contributors	GPL-3.0-only	https://github.com/crhy/rhYciv	none
RaylibUI/FOSSart/Leaders/ivan2.jpg	c109a827d3a3c9025f5a09ab16c1647482153031092c13b387c57cfa3657bedf	62087	project-original-art	crhy and rhYciv contributors	GPL-3.0-only	https://github.com/crhy/rhYciv	none
RaylibUI/FOSSart/Leaders/jfkb.jpg	a0265f18c0495fac38c91d99a69b6378a7992c47bf668a4d092b398291e7baf4	46067	project-original-art	crhy and rhYciv contributors	GPL-3.0-only	https://github.com/crhy/rhYciv	none
RaylibUI/FOSSart/Leaders/joanofarcb.jpg	7c5e95f4c7ea0adda4542a7951857b5524b55dbcda2c20ef06784d3c5bfc50e7	41214	project-original-art	crhy and rhYciv contributors	GPL-3.0-only	https://github.com/crhy/rhYciv	none
RaylibUI/FOSSart/Leaders/maob.jpg	7b9ca6d2d7794dea5e8b12dd96b76a0119a85785f6d7ae89812fa5b6c27e0148	66133	project-original-art	crhy and rhYciv contributors	GPL-3.0-only	https://github.com/crhy/rhYciv	none
RaylibUI/FOSSart/Leaders/montezumab.jpg	2202062042f9f6b5551ebaddd6080db408b90247dfef21ba7b78192b43bb3c0d	91291	project-original-art	crhy and rhYciv contributors	GPL-3.0-only	https://github.com/crhy/rhYciv	none
RaylibUI/FOSSart/Leaders/ramsesb.jpg	3d18312162e109ea4ba0f83550c0921b0bb5fe0bad93470365fdc21d22a87963	84936	project-original-art	crhy and rhYciv contributors	GPL-3.0-only	https://github.com/crhy/rhYciv	none
RaylibUI/FOSSart/Leaders/shakab.jpg	5baf8171300cacce54a3674fb94fcd5ee36272210582fb4cf8f6ecc3b3b78878	92641	project-original-art	crhy and rhYciv contributors	GPL-3.0-only	https://github.com/crhy/rhYciv	none
RaylibUI/FOSSart/Leaders/sittingbullb.jpg	1e235aef120f2eff8962b54f9c7a1c805495b22afd20651db787bc9e0446fe9e	69774	project-original-art	crhy and rhYciv contributors	GPL-3.0-only	https://github.com/crhy/rhYciv	none
RaylibUI/FOSSart/Leaders/tukagawab.jpg	8d0e0627061b33714d61b9741d1b45b945618ff892ae196de489ec8774e4dfe4	77109	project-original-art	crhy and rhYciv contributors	GPL-3.0-only	https://github.com/crhy/rhYciv	none
RaylibUI/FOSSart/Leaders/wallaceb.jpg	7386f183fa06bb5ff3d971c8db1e999d33cc68ce816ca973e7f2d60b573c7da8	80983	project-original-art	crhy and rhYciv contributors	GPL-3.0-only	https://github.com/crhy/rhYciv	none
RaylibUI/FOSSart/Leaders/xerxesb.jpg	26ea7af4c66184b33af6c842d9f0c07042d708245cceac6f74cd4c8dfa1c132f	65272	project-original-art	crhy and rhYciv contributors	GPL-3.0-only	https://github.com/crhy/rhYciv	none
RaylibUI/FOSSart/Leaders/zeppilinb.jpg	9f9e1e835083dd87b32276aa7456359aef884e22de418b0811d8d47d221b34b4	36668	project-original-art	crhy and rhYciv contributors	GPL-3.0-only	https://github.com/crhy/rhYciv	none
RaylibUI/FOSSart/Other/a-coal-mine-from-above.jpg	33347cc10f39df650e879b733860c6295e5ffbc7a6db4a07b99d8bb54deee477	437481	project-original-art	crhy and rhYciv contributors	GPL-3.0-only	https://github.com/crhy/rhYciv	none
RaylibUI/FOSSart/Other/buffalo.jpg	a57e027fa9bd5fbe147d7279e454cb836b580c7e5f5287e5b94885bc72dc66e3	459189	project-original-art	crhy and rhYciv contributors	GPL-3.0-only	https://github.com/crhy/rhYciv	none
RaylibUI/FOSSart/Other/deadtroop.png	0d59aa901b1380afeb45005b4f14c7cd6889bf3b0f3ae1cdeccb0ed906f300de	249936	project-original-art	crhy and rhYciv contributors	GPL-3.0-only	https://github.com/crhy/rhYciv	none
RaylibUI/FOSSart/Other/desert-from-above-mid-day-with-oil-well.jpg	91dba528ffda431a833966336b9dfbb808bed8e2c1923bd0dbd7b0d21bbaa09b	380865	project-original-art	crhy and rhYciv contributors	GPL-3.0-only	https://github.com/crhy/rhYciv	none
RaylibUI/FOSSart/Other/fish.jpg	df759c9e2d1e27394159e39c731c4908bbf49a9680fd917101e971e91d03dff3	359169	project-original-art	crhy and rhYciv contributors	GPL-3.0-only	https://github.com/crhy/rhYciv	none
RaylibUI/FOSSart/Other/fruit.jpg	9828454e2cf3d36eb6eab0cfd0a039a357eb05d38a56e6b2d2f83d5d8fe00f61	377738	project-original-art	crhy and rhYciv contributors	GPL-3.0-only	https://github.com/crhy/rhYciv	none
RaylibUI/FOSSart/Other/furs.jpg	dbb6bc589e5a75d697a93ef9e8f1387ad5fd485e1cba9e9ab261bdf9c05df010	310120	project-original-art	crhy and rhYciv contributors	GPL-3.0-only	https://github.com/crhy/rhYciv	none
RaylibUI/FOSSart/Other/gems.jpg	c25e37244ab535928d3a602fa3e644affb6647a48090ef93bad71d7ab8b0d598	378206	project-original-art	crhy and rhYciv contributors	GPL-3.0-only	https://github.com/crhy/rhYciv	none
RaylibUI/FOSSart/Other/gold.jpg	e623f27867ac26b71efd14c987e72ca8aada8ee07c498e303b4a1643ed5e1596	315970	project-original-art	crhy and rhYciv contributors	GPL-3.0-only	https://github.com/crhy/rhYciv	none
RaylibUI/FOSSart/Other/ivory.jpg	9c711798118a9066763d52e2474418f3fba7b7999219e63f863ffaf7d869b50b	266382	project-original-art	crhy and rhYciv contributors	GPL-3.0-only	https://github.com/crhy/rhYciv	none
RaylibUI/FOSSart/Other/looking-down-on-an-iron-mine-in-the-side-of-a-snowy-mountain-peak-766986932.jpg	bb4480a22f82f1fa5a122ff316b970673ec9d93fa2039cef049478bc7921b8fd	422532	project-original-art	crhy and rhYciv contributors	GPL-3.0-only	https://github.com/crhy/rhYciv	none
RaylibUI/FOSSart/Other/looking-down-on-an-oilwell-on-a-snowy-blue-antarctic-glacier-825736335.jpg	e70beb613099e725b8cbf63c565c6f252e7fecd9fbcb92f9e27a1c709ac0942a	343554	project-original-art	crhy and rhYciv contributors	GPL-3.0-only	https://github.com/crhy/rhYciv	none
RaylibUI/FOSSart/Other/looking-down-on-two-sheep-in-a-snowy-field-756065031.jpg	ab4e1ad65ffe1da78946f382bbf92f91f1b24256c6763939175de7d647bca7af	43079	project-original-art	crhy and rhYciv contributors	GPL-3.0-only	https://github.com/crhy/rhYciv	none
RaylibUI/FOSSart/Other/oasis.jpg	4708df10e8d94d5a5e772f8da15d661417ab3513c6652795998833d24254effd	386811	project-original-art	crhy and rhYciv contributors	GPL-3.0-only	https://github.com/crhy/rhYciv	none
RaylibUI/FOSSart/Other/pheasant.jpg	65c47a3e0a61a2be7952c3fe7ed99727aebd606f2ed39bc8274b01ae5a4b482b	450541	project-original-art	crhy and rhYciv contributors	GPL-3.0-only	https://github.com/crhy/rhYciv	none
RaylibUI/FOSSart/Other/shieldgrassland.jpg	7b588f16612143c2f4de0099327f0d6c08774ec3a5285676871bf6896c986773	464827	project-original-art	crhy and rhYciv contributors	GPL-3.0-only	https://github.com/crhy/rhYciv	none
RaylibUI/FOSSart/Other/silk.jpg	c9f13129b63bcb7ee1513f85ae585f1660b95efa664c70d3d95dc6727968fa85	423280	project-original-art	crhy and rhYciv contributors	GPL-3.0-only	https://github.com/crhy/rhYciv	none
RaylibUI/FOSSart/Other/spice.jpg	ecd15ad9d1c37fcb75ea3e3cdc9407e536fc387d3fbb22a9c2e984f47fab85b1	588702	project-original-art	crhy and rhYciv contributors	GPL-3.0-only	https://github.com/crhy/rhYciv	none
RaylibUI/FOSSart/Other/whales.jpg	e0efe40337d71e024861b07ddbdddeac42d105f98b901044360eb9dd2d142c0e	302519	project-original-art	crhy and rhYciv contributors	GPL-3.0-only	https://github.com/crhy/rhYciv	none
RaylibUI/FOSSart/Other/wine.jpg	72296fa7f8e849f2f00d07776688ffc90652b5dad48251a354670e691deb6616	461706	project-original-art	crhy and rhYciv contributors	GPL-3.0-only	https://github.com/crhy/rhYciv	none
RaylibUI/FOSSart/People/ancient_angry_1.png	8e4a0c7c22eb142b71b6bc7d5974c3032fbe9277956dea6914b9d01e5cd73d32	90910	project-original-art	crhy and rhYciv contributors	GPL-3.0-only	https://github.com/crhy/rhYciv	scripts/prepare_people_sheet.py
RaylibUI/FOSSart/People/ancient_angry_2.png	8651ccc10b94e4e8b19c5afecb28610ee0c0c0a190bd6d35e2f98fb8c718312f	99213	project-original-art	crhy and rhYciv contributors	GPL-3.0-only	https://github.com/crhy/rhYciv	scripts/prepare_people_sheet.py
RaylibUI/FOSSart/People/ancient_content_1.png	cffd9fee814f2ecb1752c7d78c63a8a9f62ba69822edd008218ee188f5b51293	94797	project-original-art	crhy and rhYciv contributors	GPL-3.0-only	https://github.com/crhy/rhYciv	scripts/prepare_people_sheet.py
RaylibUI/FOSSart/People/ancient_content_2.png	51cddf137d5d71ad27b31a860b0b3fb72964e9b691fce53ad94d75bbf167ccd8	98532	project-original-art	crhy and rhYciv contributors	GPL-3.0-only	https://github.com/crhy/rhYciv	scripts/prepare_people_sheet.py
RaylibUI/FOSSart/People/ancient_entertainer.png	6a0a5e5ee4ddf58cd0a40cea6873aa955e284abe1fcea952cb19879f1a3a4489	110566	project-original-art	crhy and rhYciv contributors	GPL-3.0-only	https://github.com/crhy/rhYciv	scripts/prepare_people_sheet.py
RaylibUI/FOSSart/People/ancient_happy_1.png	daf61a2a89535e57c97f93a38f57ff33fb1d858f8183e66c26d90f9c6561108d	101662	project-original-art	crhy and rhYciv contributors	GPL-3.0-only	https://github.com/crhy/rhYciv	scripts/prepare_people_sheet.py
RaylibUI/FOSSart/People/ancient_happy_2.png	6fc263c6f8dcd719f6c62664f889cd8938732c24c30e988307daf59a1f819424	98010	project-original-art	crhy and rhYciv contributors	GPL-3.0-only	https://github.com/crhy/rhYciv	scripts/prepare_people_sheet.py
RaylibUI/FOSSart/People/ancient_scientist.png	7c71537d17a60b85d6b67462d2386e0ee138937f2d91a13faec62479f946e4d4	102775	project-original-art	crhy and rhYciv contributors	GPL-3.0-only	https://github.com/crhy/rhYciv	scripts/prepare_people_sheet.py
RaylibUI/FOSSart/People/ancient_taxman.png	987e6d7b073d2c95fa3e50658a39a3aef69faaa9f2625e45d18b315ae5cecf0e	93316	project-original-art	crhy and rhYciv contributors	GPL-3.0-only	https://github.com/crhy/rhYciv	scripts/prepare_people_sheet.py
RaylibUI/FOSSart/People/ancient_unhappy_1.png	1995868107f3d404799db96992c47ca80cb965aeb49a5d98014056413655dc31	89799	project-original-art	crhy and rhYciv contributors	GPL-3.0-only	https://github.com/crhy/rhYciv	scripts/prepare_people_sheet.py
RaylibUI/FOSSart/People/ancient_unhappy_2.png	0b37a58947e95b776e245c1979c2abab98fae84d85af2accfcf89038e22006fe	94269	project-original-art	crhy and rhYciv contributors	GPL-3.0-only	https://github.com/crhy/rhYciv	scripts/prepare_people_sheet.py
RaylibUI/FOSSart/People/industrial_angry_1.png	2499738fe99c43a371d05598176db47018167cb239e26b3f45bfbbb314367552	87323	project-original-art	crhy and rhYciv contributors	GPL-3.0-only	https://github.com/crhy/rhYciv	scripts/prepare_people_sheet.py
RaylibUI/FOSSart/People/industrial_angry_2.png	f627d6e9737bf3f737c8b660fd94514b824d82dbeb166e73267f8f4c17d6a628	88816	project-original-art	crhy and rhYciv contributors	GPL-3.0-only	https://github.com/crhy/rhYciv	scripts/prepare_people_sheet.py
RaylibUI/FOSSart/People/industrial_content_1.png	a3060b27f03df713ff1a8299e368bf82475b0c6444b75d131304755c256d16b2	80481	project-original-art	crhy and rhYciv contributors	GPL-3.0-only	https://github.com/crhy/rhYciv	scripts/prepare_people_sheet.py
RaylibUI/FOSSart/People/industrial_content_2.png	1119612eb3d8fa356ac1afadb772cddda798cd683e5ecb8d85c95012999be32b	91899	project-original-art	crhy and rhYciv contributors	GPL-3.0-only	https://github.com/crhy/rhYciv	scripts/prepare_people_sheet.py
RaylibUI/FOSSart/People/industrial_entertainer.png	256e1c75e8ac24e22393a44f73a34d60c2a5086f21070ea2b058b2c1d4b24cd0	89602	project-original-art	crhy and rhYciv contributors	GPL-3.0-only	https://github.com/crhy/rhYciv	scripts/prepare_people_sheet.py
RaylibUI/FOSSart/People/industrial_happy_1.png	ad1846a372e6c8bf01ca63f60e64cebeb9c299e3f3eee9be3d422ba749ec42fa	74245	project-original-art	crhy and rhYciv contributors	GPL-3.0-only	https://github.com/crhy/rhYciv	scripts/prepare_people_sheet.py
RaylibUI/FOSSart/People/industrial_happy_2.png	23ca8a8102fbbf0653e0bbd3d288c5a26dd5a418d90f2382b42cae10787a7e0c	88687	project-original-art	crhy and rhYciv contributors	GPL-3.0-only	https://github.com/crhy/rhYciv	scripts/prepare_people_sheet.py
RaylibUI/FOSSart/People/industrial_scientist.png	c2c954748d12e0a2f27d8bc3d39f1e8d3c6de55e306c7fc709d9043d8dd6a3e8	85156	project-original-art	crhy and rhYciv contributors	GPL-3.0-only	https://github.com/crhy/rhYciv	scripts/prepare_people_sheet.py
RaylibUI/FOSSart/People/industrial_taxman.png	ef49087a51d198989a27a5915548d1c0c3ebb8b70286aa270b460e4d2f0d4bf5	71769	project-original-art	crhy and rhYciv contributors	GPL-3.0-only	https://github.com/crhy/rhYciv	scripts/prepare_people_sheet.py
RaylibUI/FOSSart/People/industrial_unhappy_1.png	3667562d83b751c0bf9622cc40a77efad48430338f8a453d3d162d182e1cfbf5	81263	project-original-art	crhy and rhYciv contributors	GPL-3.0-only	https://github.com/crhy/rhYciv	scripts/prepare_people_sheet.py
RaylibUI/FOSSart/People/industrial_unhappy_2.png	a0a6a7bceb62d14312989009b574cfb07054b41c06fdfaade94473f0db9fa5a1	96082	project-original-art	crhy and rhYciv contributors	GPL-3.0-only	https://github.com/crhy/rhYciv	scripts/prepare_people_sheet.py
RaylibUI/FOSSart/People/modern_angry_1.png	53a4d1e93f4f795c8cab3e5833bb6a8c421c11f281dabc7bc683f3ac127e7caf	93496	project-original-art	crhy and rhYciv contributors	GPL-3.0-only	https://github.com/crhy/rhYciv	scripts/prepare_people_sheet.py
RaylibUI/FOSSart/People/modern_angry_2.png	01a8499cbab94201dc4061042d9e4451cc9befc381e3d00b619cafbdd864a724	107093	project-original-art	crhy and rhYciv contributors	GPL-3.0-only	https://github.com/crhy/rhYciv	scripts/prepare_people_sheet.py
RaylibUI/FOSSart/People/modern_content_1.png	fa15b92ba2affb148d41cf0758d61a30436bfeecbb3455ab8457dfc29daf1136	85845	project-original-art	crhy and rhYciv contributors	GPL-3.0-only	https://github.com/crhy/rhYciv	scripts/prepare_people_sheet.py
RaylibUI/FOSSart/People/modern_content_2.png	17a536c27dbecba9266e5cb41165681acf8d5c61f88cce7a99dfa6e5973c256a	112103	project-original-art	crhy and rhYciv contributors	GPL-3.0-only	https://github.com/crhy/rhYciv	scripts/prepare_people_sheet.py
RaylibUI/FOSSart/People/modern_entertainer.png	55e721baf57ea6bac24601a099db9a124b4a3366eeaf8da52c4fd80913345fd4	92384	project-original-art	crhy and rhYciv contributors	GPL-3.0-only	https://github.com/crhy/rhYciv	scripts/prepare_people_sheet.py
RaylibUI/FOSSart/People/modern_happy_1.png	d4d804a2aeab4b94b27f13791f9a24742da7b1873c05de264c868ad5c58e02b0	85454	project-original-art	crhy and rhYciv contributors	GPL-3.0-only	https://github.com/crhy/rhYciv	scripts/prepare_people_sheet.py
RaylibUI/FOSSart/People/modern_happy_2.png	6e7caca9059a10d10c32d7d8ddd6c8e2efadf89d27caa5c1df1ed03c778183c8	109961	project-original-art	crhy and rhYciv contributors	GPL-3.0-only	https://github.com/crhy/rhYciv	scripts/prepare_people_sheet.py
RaylibUI/FOSSart/People/modern_scientist.png	a60c7bfc76bcf1e2662a122ff1e925666d64d71e1cd1d7c889f74284ef3e908b	96851	project-original-art	crhy and rhYciv contributors	GPL-3.0-only	https://github.com/crhy/rhYciv	scripts/prepare_people_sheet.py
RaylibUI/FOSSart/People/modern_taxman.png	ac769cc60dacb416812ecf9df8fb69aa08935fd6be6b8fa538dd32244dc64a6e	73416	project-original-art	crhy and rhYciv contributors	GPL-3.0-only	https://github.com/crhy/rhYciv	scripts/prepare_people_sheet.py
RaylibUI/FOSSart/People/modern_unhappy_1.png	64ef55c7d12572d5e7e66ce92fb2a6a9cffa39bcdefa450e4d71d9d72caef5d6	87933	project-original-art	crhy and rhYciv contributors	GPL-3.0-only	https://github.com/crhy/rhYciv	scripts/prepare_people_sheet.py
RaylibUI/FOSSart/People/modern_unhappy_2.png	8e8771e0a06b86b7f0692ebb65c4b03358ae83884674bb187738b6316d67a56d	97960	project-original-art	crhy and rhYciv contributors	GPL-3.0-only	https://github.com/crhy/rhYciv	scripts/prepare_people_sheet.py
RaylibUI/FOSSart/People/renaissance_angry_1.png	37d50d73ba334f88fbcbb5074c5029edc11e1b43e17bebc1a965128a6e244b06	90347	project-original-art	crhy and rhYciv contributors	GPL-3.0-only	https://github.com/crhy/rhYciv	scripts/prepare_people_sheet.py
RaylibUI/FOSSart/People/renaissance_angry_2.png	3ccc574100215cb67a127e67b9d0dfc44f9cec763a0afe228b830ae186c72702	104205	project-original-art	crhy and rhYciv contributors	GPL-3.0-only	https://github.com/crhy/rhYciv	scripts/prepare_people_sheet.py
RaylibUI/FOSSart/People/renaissance_content_1.png	cb608037756a7aed4ebf641babfd3ea225b1edffce694f75a8849d03528a6930	83377	project-original-art	crhy and rhYciv contributors	GPL-3.0-only	https://github.com/crhy/rhYciv	scripts/prepare_people_sheet.py
RaylibUI/FOSSart/People/renaissance_content_2.png	8155572ab6f26c8ab272fa1ac934dbba61fd03ef5953bb95ed5c0eca25fb5fc7	97529	project-original-art	crhy and rhYciv contributors	GPL-3.0-only	https://github.com/crhy/rhYciv	scripts/prepare_people_sheet.py
RaylibUI/FOSSart/People/renaissance_entertainer.png	7e4625ad650286032a390104dc55f60a5fa1dcb4092ae5f2bae5f8b541673407	85826	project-original-art	crhy and rhYciv contributors	GPL-3.0-only	https://github.com/crhy/rhYciv	scripts/prepare_people_sheet.py
RaylibUI/FOSSart/People/renaissance_happy_1.png	7c472271a3215d5fbe90c7abe9417b9ede2f9cf5523d7d2297cb2e2371072c89	109452	project-original-art	crhy and rhYciv contributors	GPL-3.0-only	https://github.com/crhy/rhYciv	scripts/prepare_people_sheet.py
RaylibUI/FOSSart/People/renaissance_happy_2.png	73807530ad0b6c60d3b87dc14bfdfd5edfd392ed5530f53a635177f66a353e12	104020	project-original-art	crhy and rhYciv contributors	GPL-3.0-only	https://github.com/crhy/rhYciv	scripts/prepare_people_sheet.py
RaylibUI/FOSSart/People/renaissance_scientist.png	ee72bff851f87ec3dccc468f81c2b15eefc426a603246dfec63f033134de7055	91788	project-original-art	crhy and rhYciv contributors	GPL-3.0-only	https://github.com/crhy/rhYciv	scripts/prepare_people_sheet.py
RaylibUI/FOSSart/People/renaissance_taxman.png	202af9227480f9be1c9c055ceaf20b02d60b5e8665a0e1247fa25dae64c31fcd	98769	project-original-art	crhy and rhYciv contributors	GPL-3.0-only	https://github.com/crhy/rhYciv	scripts/prepare_people_sheet.py
RaylibUI/FOSSart/People/renaissance_unhappy_1.png	33198c0001b0b323e80e29e439b5e8f43f3c7b3ecc9c624ec2739a1996827108	95052	project-original-art	crhy and rhYciv contributors	GPL-3.0-only	https://github.com/crhy/rhYciv	scripts/prepare_people_sheet.py
RaylibUI/FOSSart/People/renaissance_unhappy_2.png	21ae416d21a73f23362334ac7f108566cf0672f1555de0c7dc4a5e18b8ac8e3f	93579	project-original-art	crhy and rhYciv contributors	GPL-3.0-only	https://github.com/crhy/rhYciv	scripts/prepare_people_sheet.py
RaylibUI/FOSSart/Standalone/Backgrounds/NewCartographerBackground.png	3f15973940dfe2d102adeb46c6d1be97929beb16aa64c76fdd02bbdd41133ac8	2656755	project-original-art	crhy and rhYciv contributors	GPL-3.0-only	https://github.com/crhy/rhYciv	scripts/build_standalone_sheets.py
RaylibUI/FOSSart/Standalone/Backgrounds/city_land.jpg	379efc36b8ed4cf431a45d14abf1d6af9d2bfedaebfd456b10986a3944ed0766	17163	project-original-art	crhy and rhYciv contributors	GPL-3.0-only	https://github.com/crhy/rhYciv	scripts/build_standalone_sheets.py
RaylibUI/FOSSart/Standalone/Backgrounds/city_ocean.jpg	068aabc539678982247619ccd8fc854b61e9a7af79478cbde40b81d1c9a5fd30	17164	project-original-art	crhy and rhYciv contributors	GPL-3.0-only	https://github.com/crhy/rhYciv	scripts/build_standalone_sheets.py
RaylibUI/FOSSart/Standalone/Backgrounds/city_river.jpg	2a5ee5be03f983e1bb58fd65df201fccebdcc1d464fa4918a195f07b63c1f00f	17165	project-original-art	crhy and rhYciv contributors	GPL-3.0-only	https://github.com/crhy/rhYciv	scripts/build_standalone_sheets.py
RaylibUI/FOSSart/Standalone/Backgrounds/main_menu.jpg	28399320ba965f9fadad95a438fe156964646eb27af8af5723fda879177658db	26707	project-original-art	crhy and rhYciv contributors	GPL-3.0-only	https://github.com/crhy/rhYciv	scripts/build_standalone_sheets.py
RaylibUI/FOSSart/Standalone/Backgrounds/panel.jpg	2e8054e3c097b49c9dca63f5a5542cff33a09d1a7895fc9efb2c7f66ab1169c5	17164	project-original-art	crhy and rhYciv contributors	GPL-3.0-only	https://github.com/crhy/rhYciv	scripts/build_standalone_sheets.py
RaylibUI/FOSSart/Standalone/Backgrounds/stonetexture.png	d999d7179d848fc02eeab8718c3006f5c73fca74ee9c3b408bf998ee039a50b1	3306234	project-original-art	crhy and rhYciv contributors	GPL-3.0-only	https://github.com/crhy/rhYciv	scripts/build_standalone_sheets.py
RaylibUI/FOSSart/Standalone/CITIES.png	fdf571f81ddc8ed446ef7407b4dba088cb400066940ba86f6c3a7d899ef29c4a	330709	generated-layout-adapter	rhYciv contributors	GPL-3.0-only	project-original inputs listed in this manifest	scripts/build_standalone_sheets.py
RaylibUI/FOSSart/Standalone/CITY.txt	d6988754cb06e55fe951b54ccc144a5a58c4f649373886b9a8ba6d9b35c358e9	6591	freeciv-derived-data	Freeciv contributors; adapted by rhYciv contributors	GPL-2.0-or-later	https://github.com/freeciv/freeciv/tree/94beba8bc7d6512e485ae35103bdb8fb55babb4f/data/civ2	scripts/import_freeciv_rules.py
RaylibUI/FOSSart/Standalone/Game.txt	a63a94b7ca339fc011c2f53cc2534e3a31bb6884638685cf8d56d2a3adb10585	64349	project-original-art	crhy and rhYciv contributors	GPL-3.0-only	https://github.com/crhy/rhYciv	none
RaylibUI/FOSSart/Standalone/ICONS.png	0f7df889b2670bccb397ca428b0540d5532d1ac4329c4ee000c3366bffecbfcb	7695	generated-layout-adapter	rhYciv contributors	GPL-3.0-only	project-original inputs listed in this manifest	scripts/build_standalone_sheets.py
RaylibUI/FOSSart/Standalone/RULES.txt	dc181da4830068aa7fee01d806031d01819e2fec7778e2f0726f68bda57158dd	12669	freeciv-derived-data	Freeciv contributors; adapted by rhYciv contributors	GPL-2.0-or-later	https://github.com/freeciv/freeciv/tree/94beba8bc7d6512e485ae35103bdb8fb55babb4f/data/civ2	scripts/import_freeciv_rules.py
RaylibUI/FOSSart/Standalone/TERRAIN1.png	24d446d446ecee7f21a72b5c36fb62add4523c9274aafaf2e1b30b7803190b49	126095	generated-layout-adapter	rhYciv contributors	GPL-3.0-only	project-original inputs listed in this manifest	scripts/build_standalone_sheets.py
RaylibUI/FOSSart/Standalone/TERRAIN2.png	3ef99e1a8a1b9305235e66c0cbe1c354a14c96eae8db68cb215907c8c4b6c5cb	241931	generated-layout-adapter	rhYciv contributors	GPL-3.0-only	project-original inputs listed in this manifest	scripts/build_standalone_sheets.py
RaylibUI/FOSSart/Standalone/UNITS.png	9e2239608ee50febec284b93f5a7d3b61b042beceb1a4f8eef47e5a9c2827fdf	208023	generated-layout-adapter	rhYciv contributors	GPL-3.0-only	project-original inputs listed in this manifest	scripts/build_standalone_sheets.py
RaylibUI/FOSSart/Standalone/VIEWPIECE.png	8ef49bf21453ec58515a1c54ebd9a16170791b694909f827f7c66c14a4c4ba45	2278	generated-layout-adapter	rhYciv contributors	GPL-3.0-only	project-original inputs listed in this manifest	scripts/build_standalone_sheets.py
RaylibUI/FOSSart/Standalone/describe.txt	c767a2d2a05ababfb7c61d03501d742bc4319176c5ce88efe68d18117afa71fc	86385	project-original-text	rhYciv contributors	GPL-3.0-only	docs/CIVILOPEDIA-TEXT.md	scripts/build_civilopedia_text.py
RaylibUI/FOSSart/Standalone/pedia.txt	836c2bb6ca49a3e1487e7c909e4ed36d701704b277aec40abd8d43ec8fe0a7c8	25438	project-original-text	rhYciv contributors	GPL-3.0-only	docs/CIVILOPEDIA-TEXT.md	scripts/build_civilopedia_text.py
RaylibUI/FOSSart/Terrain/Coast/coast_00_ocean.png	5356a4ce267210a4387c9c38edbbbaeb1c76a9ad0a56501c6b55ca6d85abb1a8	18900	project-original-art	crhy and rhYciv contributors	GPL-3.0-only	https://github.com/crhy/rhYciv	scripts/prepare_custom_textures.py
RaylibUI/FOSSart/Terrain/Coast/coast_01_corner_land_W.png	aa8fd7afca9ca4f689fee13176880014e7e76313f05245d1dca309b200ebee1e	23794	project-original-art	crhy and rhYciv contributors	GPL-3.0-only	https://github.com/crhy/rhYciv	scripts/prepare_custom_textures.py
RaylibUI/FOSSart/Terrain/Coast/coast_02_corner_land_S.png	3f6b650a771e3172542fcf4c8ff2b4fc1b8561b33db2be39630cfc4d07421faa	22416	project-original-art	crhy and rhYciv contributors	GPL-3.0-only	https://github.com/crhy/rhYciv	scripts/prepare_custom_textures.py
RaylibUI/FOSSart/Terrain/Coast/coast_03_edge_land_SW.png	480e1e7181b79c89d91fef13756dd59ab3c23e4fe29c05fec6a5d4ef090b6701	30547	project-original-art	crhy and rhYciv contributors	GPL-3.0-only	https://github.com/crhy/rhYciv	scripts/prepare_custom_textures.py
RaylibUI/FOSSart/Terrain/Coast/coast_04_corner_land_E.png	ed157b184212227df708b7bd495469c76360a57a0fb27fa34c42113e1ead56b0	23975	project-original-art	crhy and rhYciv contributors	GPL-3.0-only	https://github.com/crhy/rhYciv	scripts/prepare_custom_textures.py
RaylibUI/FOSSart/Terrain/Coast/coast_05_diagonal_E_W.png	6a5834bf5005434ba8c79c14dea72f445dc4a849b99f2189f3ef190148a3097b	28437	project-original-art	crhy and rhYciv contributors	GPL-3.0-only	https://github.com/crhy/rhYciv	scripts/prepare_custom_textures.py
RaylibUI/FOSSart/Terrain/Coast/coast_06_edge_land_SE.png	a9f43119567595647d48de8976cb586b542c90d8de750be0a8fef25f627ef987	30552	project-original-art	crhy and rhYciv contributors	GPL-3.0-only	https://github.com/crhy/rhYciv	scripts/prepare_custom_textures.py
RaylibUI/FOSSart/Terrain/Coast/coast_07_cove_N.png	097a0070e10caf33511265c98cfd90c4842457b4bc157b77fbeabd9d65a08597	38426	project-original-art	crhy and rhYciv contributors	GPL-3.0-only	https://github.com/crhy/rhYciv	scripts/prepare_custom_textures.py
RaylibUI/FOSSart/Terrain/Coast/coast_08_corner_land_N.png	4e148c0947bb9d3304baf397a1ced9ef589a0376f0d7ed76288ae2e217ebc189	22804	project-original-art	crhy and rhYciv contributors	GPL-3.0-only	https://github.com/crhy/rhYciv	scripts/prepare_custom_textures.py
RaylibUI/FOSSart/Terrain/Coast/coast_09_edge_land_NW.png	9ce2e12c7f7f7643b35389a8d870094fa7961e88350dcbf057c62c7a9c4d7ade	30466	project-original-art	crhy and rhYciv contributors	GPL-3.0-only	https://github.com/crhy/rhYciv	scripts/prepare_custom_textures.py
RaylibUI/FOSSart/Terrain/Coast/coast_10_diagonal_N_S.png	4e9b6a877c63f2fabb5a8a757163f1e5dddd7fc4f24585ecda09bc62ce634aa2	25980	project-original-art	crhy and rhYciv contributors	GPL-3.0-only	https://github.com/crhy/rhYciv	scripts/prepare_custom_textures.py
RaylibUI/FOSSart/Terrain/Coast/coast_11_cove_E.png	e821ce23301680d45a739366051a24a8d49df85f97cfb44363fd74bed7f129cf	37873	project-original-art	crhy and rhYciv contributors	GPL-3.0-only	https://github.com/crhy/rhYciv	scripts/prepare_custom_textures.py
RaylibUI/FOSSart/Terrain/Coast/coast_12_edge_land_NE.png	f5d4c47cfb51ce923aeb19db62582f6d39f8c4907f946cb54e5c236cbbaca676	30817	project-original-art	crhy and rhYciv contributors	GPL-3.0-only	https://github.com/crhy/rhYciv	scripts/prepare_custom_textures.py
RaylibUI/FOSSart/Terrain/Coast/coast_13_cove_S.png	6ba6e930bfc68518ebee8a3306d17006c9d45261403df920f9fa42091c741c04	37870	project-original-art	crhy and rhYciv contributors	GPL-3.0-only	https://github.com/crhy/rhYciv	scripts/prepare_custom_textures.py
RaylibUI/FOSSart/Terrain/Coast/coast_14_cove_W.png	539932645cfd6743617ee26fcfd320fcfa1de125a7615f0af14341e3b0f13a90	38378	project-original-art	crhy and rhYciv contributors	GPL-3.0-only	https://github.com/crhy/rhYciv	scripts/prepare_custom_textures.py
RaylibUI/FOSSart/Terrain/Coast/coast_15_enclosed.png	792cbc24677f68f3568b15a9f01cfe66091af2973f660680dfd2f98e1f352482	49315	project-original-art	crhy and rhYciv contributors	GPL-3.0-only	https://github.com/crhy/rhYciv	scripts/prepare_custom_textures.py
RaylibUI/FOSSart/Terrain/Overlays/Forest/forest_01.png	028d4461095a6f09be06357b59754d22af54dd06d0ec1ddabb090aafb0b82d7f	87521	project-original-art	crhy and rhYciv contributors	GPL-3.0-only	https://github.com/crhy/rhYciv	scripts/prepare_custom_textures.py
RaylibUI/FOSSart/Terrain/Overlays/Forest/forest_02.png	de058453caa5f6546878879d8ddfca4ad09f2c4d6bfd83982644e6f6f5a36c11	109075	project-original-art	crhy and rhYciv contributors	GPL-3.0-only	https://github.com/crhy/rhYciv	scripts/prepare_custom_textures.py
RaylibUI/FOSSart/Terrain/Overlays/Forest/forest_03.png	bc9d3a88bab569249cfe522df0d02cfc29b753557fece679b75054e9f5c81925	102921	project-original-art	crhy and rhYciv contributors	GPL-3.0-only	https://github.com/crhy/rhYciv	scripts/prepare_custom_textures.py
RaylibUI/FOSSart/Terrain/Overlays/Forest/forest_04.png	75aa67a656af337902883c8fc43aff8a0a8cd6c1b2f26a2993684a45e3447f5b	110836	project-original-art	crhy and rhYciv contributors	GPL-3.0-only	https://github.com/crhy/rhYciv	scripts/prepare_custom_textures.py
RaylibUI/FOSSart/Terrain/Overlays/Forest/forest_05.png	8f36f7df4b3ba8d6e8239cb6f3070f442661021715610f5349087728d54ffc53	112554	project-original-art	crhy and rhYciv contributors	GPL-3.0-only	https://github.com/crhy/rhYciv	scripts/prepare_custom_textures.py
RaylibUI/FOSSart/Terrain/Overlays/Forest/forest_06.png	047d553eb52ed92390582a75090046c7cbdee27821faa248e6d500b38e50c5d0	122158	project-original-art	crhy and rhYciv contributors	GPL-3.0-only	https://github.com/crhy/rhYciv	scripts/prepare_custom_textures.py
RaylibUI/FOSSart/Terrain/Overlays/Forest/forest_07.png	b439a0ee836c88d0aa83007745296fb9e350c3b7b6a7b1be9e3bb792e0ff31ac	106017	project-original-art	crhy and rhYciv contributors	GPL-3.0-only	https://github.com/crhy/rhYciv	scripts/prepare_custom_textures.py
RaylibUI/FOSSart/Terrain/Overlays/Forest/forest_08.png	be0c1fce596d26cf6a1cb8540717ce6f61d75bdf06237d7ad3131d98c239d8f1	109723	project-original-art	crhy and rhYciv contributors	GPL-3.0-only	https://github.com/crhy/rhYciv	scripts/prepare_custom_textures.py
RaylibUI/FOSSart/Terrain/Overlays/Hills/hill_01.png	254ffdfd97f53b8a0b2c18bf22195f4f5c33ad86d8480ea0af5f0ad9c40b428e	68070	project-original-art	crhy and rhYciv contributors	GPL-3.0-only	https://github.com/crhy/rhYciv	scripts/prepare_custom_textures.py
RaylibUI/FOSSart/Terrain/Overlays/Hills/hill_02.png	4c679a69b6a1260f7218b77a5e15711a797b17205ae43975347b7647772c03e7	80923	project-original-art	crhy and rhYciv contributors	GPL-3.0-only	https://github.com/crhy/rhYciv	scripts/prepare_custom_textures.py
RaylibUI/FOSSart/Terrain/Overlays/Hills/hill_03.png	936153d56571b5fc47cc442ed26394a8d5a40a9b4ff51536ebf398da39cd036c	66455	project-original-art	crhy and rhYciv contributors	GPL-3.0-only	https://github.com/crhy/rhYciv	scripts/prepare_custom_textures.py
RaylibUI/FOSSart/Terrain/Overlays/Hills/hill_04.png	fda31694f85d43c33e983e80943e48143e19354389be6eb176f4c6cf6a240b10	99527	project-original-art	crhy and rhYciv contributors	GPL-3.0-only	https://github.com/crhy/rhYciv	scripts/prepare_custom_textures.py
RaylibUI/FOSSart/Terrain/Overlays/Hills/hill_05.png	e4c5b99959e68d8ccbfe8960a7f1f0a537c5a972c81100ddd2b286ced40e3c48	84717	project-original-art	crhy and rhYciv contributors	GPL-3.0-only	https://github.com/crhy/rhYciv	scripts/prepare_custom_textures.py
RaylibUI/FOSSart/Terrain/Overlays/Hills/hill_06.png	c635d42351e935cd11dfc863f4121a79a0f344de5e18f9f1008e4d66f0fcfbca	63921	project-original-art	crhy and rhYciv contributors	GPL-3.0-only	https://github.com/crhy/rhYciv	scripts/prepare_custom_textures.py
RaylibUI/FOSSart/Terrain/Overlays/Hills/hill_07.png	a2f30804694b72fe2d771d4e2e8f5aaa2ef52ba0c9706174fd0d53e53eaf487a	77784	project-original-art	crhy and rhYciv contributors	GPL-3.0-only	https://github.com/crhy/rhYciv	scripts/prepare_custom_textures.py
RaylibUI/FOSSart/Terrain/Overlays/Hills/hill_08.png	b3941c13560329801c64efe414b2f51fb6db1c1d631e285d22c06d98dcb78630	89423	project-original-art	crhy and rhYciv contributors	GPL-3.0-only	https://github.com/crhy/rhYciv	scripts/prepare_custom_textures.py
RaylibUI/FOSSart/Terrain/Overlays/Improvements/airstrip.png	5c8cec91c1c21ee6b5bd9a152d8d362adf658e07ec7370a35c153352ffe8aee6	13455	project-original-art	crhy and rhYciv contributors	GPL-3.0-only	https://github.com/crhy/rhYciv	scripts/prepare_custom_textures.py
RaylibUI/FOSSart/Terrain/Overlays/Improvements/airstripfull.png	29e7968c222d4d8765067ad305c797dcdfc756e35b2ad0c3a9a3e985aee75f48	38161	project-original-art	crhy and rhYciv contributors	GPL-3.0-only	https://github.com/crhy/rhYciv	scripts/prepare_custom_textures.py
RaylibUI/FOSSart/Terrain/Overlays/Improvements/farmland.png	8e2e68f28f4738dff99066826253bee76bfa3668af359d761a41ce99ac97102c	77393	project-original-art	crhy and rhYciv contributors	GPL-3.0-only	https://github.com/crhy/rhYciv	scripts/prepare_custom_textures.py
RaylibUI/FOSSart/Terrain/Overlays/Improvements/fort.png	08095057fa12c46290acbca4a8482c226f9ab72a3c902929bbe7e9503a22b93a	81175	project-original-art	crhy and rhYciv contributors	GPL-3.0-only	https://github.com/crhy/rhYciv	scripts/prepare_custom_textures.py
RaylibUI/FOSSart/Terrain/Overlays/Improvements/fortify.png	5ed67994ffe8a1ff2342ecb6d7db319884f930a643b2ab2cac3453e9de639e5c	56889	project-original-art	crhy and rhYciv contributors	GPL-3.0-only	https://github.com/crhy/rhYciv	scripts/prepare_custom_textures.py
RaylibUI/FOSSart/Terrain/Overlays/Improvements/irrigation.png	710351312da721c22d2435615173b322568d38a613e78e163db389ad07177dbe	48982	project-original-art	crhy and rhYciv contributors	GPL-3.0-only	https://github.com/crhy/rhYciv	scripts/prepare_custom_textures.py
RaylibUI/FOSSart/Terrain/Overlays/Mountains/mountain_01.png	8772d8d9ff89f678854085c9c3de29196e260841e00048e8ac166085a69388b8	86347	project-original-art	crhy and rhYciv contributors	GPL-3.0-only	https://github.com/crhy/rhYciv	scripts/prepare_custom_textures.py
RaylibUI/FOSSart/Terrain/Overlays/Mountains/mountain_02.png	9db6e45eb85434e0589a5e58f75fcc9aa541d6df9d9b43861cbef4181010b547	65483	project-original-art	crhy and rhYciv contributors	GPL-3.0-only	https://github.com/crhy/rhYciv	scripts/prepare_custom_textures.py
RaylibUI/FOSSart/Terrain/Overlays/Mountains/mountain_03.png	999ee3567d5f33b7346fcb90f0ca612b0aa189e0aa57bf2df4a1413b21dbf87f	88556	project-original-art	crhy and rhYciv contributors	GPL-3.0-only	https://github.com/crhy/rhYciv	scripts/prepare_custom_textures.py
RaylibUI/FOSSart/Terrain/Overlays/Mountains/mountain_04.png	f14cf7422153cd662357c62b231cd58b009cb2f741b9022d07a8109005dbb9a7	94534	project-original-art	crhy and rhYciv contributors	GPL-3.0-only	https://github.com/crhy/rhYciv	scripts/prepare_custom_textures.py
RaylibUI/FOSSart/Terrain/Overlays/Mountains/mountain_05.png	0f1efcc69807697c681a3ab8f7d72c3ae7c3cf7217030046ac3ac9db1766fdba	87390	project-original-art	crhy and rhYciv contributors	GPL-3.0-only	https://github.com/crhy/rhYciv	scripts/prepare_custom_textures.py
RaylibUI/FOSSart/Terrain/Overlays/Mountains/mountain_06.png	bfab3053cfe0ac3846f5145ee72fb68bf35fa6d93722446c74d26097993ee593	82828	project-original-art	crhy and rhYciv contributors	GPL-3.0-only	https://github.com/crhy/rhYciv	scripts/prepare_custom_textures.py
RaylibUI/FOSSart/Terrain/Overlays/Mountains/mountain_07.png	7569a1d03b02017e83411768cdac282d3aa14bb1131004a28cfd090c5906fe60	84679	project-original-art	crhy and rhYciv contributors	GPL-3.0-only	https://github.com/crhy/rhYciv	scripts/prepare_custom_textures.py
RaylibUI/FOSSart/Terrain/Overlays/Mountains/mountain_08.png	b194f5bf431d25c61db0e1fc6c95d64a3d60aca9f2ef77b9d38e5c409de5f24e	89857	project-original-art	crhy and rhYciv contributors	GPL-3.0-only	https://github.com/crhy/rhYciv	scripts/prepare_custom_textures.py
RaylibUI/FOSSart/Terrain/Overlays/Railroads/railroad_e.png	f1c8544fb48993072828c10612c851d64b22b1881f100a1adb1b775aa7396b2a	24056	project-original-art	crhy and rhYciv contributors	GPL-3.0-only	https://github.com/crhy/rhYciv	scripts/prepare_road_overlays.py
RaylibUI/FOSSart/Terrain/Overlays/Railroads/railroad_iso.png	656d36d815a716350529ffd9e412d780487dea21b938f90533d0499e1df3225f	9826	project-original-art	crhy and rhYciv contributors	GPL-3.0-only	https://github.com/crhy/rhYciv	scripts/prepare_road_overlays.py
RaylibUI/FOSSart/Terrain/Overlays/Railroads/railroad_n.png	ed72865060231d9c0b960ad9414ee22a7c10b713df16042ede7d953168cde15f	14927	project-original-art	crhy and rhYciv contributors	GPL-3.0-only	https://github.com/crhy/rhYciv	scripts/prepare_road_overlays.py
RaylibUI/FOSSart/Terrain/Overlays/Railroads/railroad_ne.png	edfee4f412a98cdcbe580ab91c279581108e0f59b1e2f434b6c73aa2332c6c71	16559	project-original-art	crhy and rhYciv contributors	GPL-3.0-only	https://github.com/crhy/rhYciv	scripts/prepare_road_overlays.py
RaylibUI/FOSSart/Terrain/Overlays/Railroads/railroad_nw.png	e6ff6dc825f8cdf434213fad0e3aaaa62b56d4c24ab9e4ce6a8b36edf9b31bdb	17316	project-original-art	crhy and rhYciv contributors	GPL-3.0-only	https://github.com/crhy/rhYciv	scripts/prepare_road_overlays.py
RaylibUI/FOSSart/Terrain/Overlays/Railroads/railroad_s.png	d4149c30f516c931859deff1c39ac934e0c46cc10f2fca3e2a09c9031c8a5745	14603	project-original-art	crhy and rhYciv contributors	GPL-3.0-only	https://github.com/crhy/rhYciv	scripts/prepare_road_overlays.py
RaylibUI/FOSSart/Terrain/Overlays/Railroads/railroad_se.png	816b287e1d7a772acb9fd576f20ac85401b0d9edb265a03b282127b92c3c5f25	16784	project-original-art	crhy and rhYciv contributors	GPL-3.0-only	https://github.com/crhy/rhYciv	scripts/prepare_road_overlays.py
RaylibUI/FOSSart/Terrain/Overlays/Railroads/railroad_sw.png	72f0a3e0c2205d94549a80091a66e2c51bad5ec70230fe373c6889e76eccd19e	16454	project-original-art	crhy and rhYciv contributors	GPL-3.0-only	https://github.com/crhy/rhYciv	scripts/prepare_road_overlays.py
RaylibUI/FOSSart/Terrain/Overlays/Railroads/railroad_w.png	c6062a874c19597cb720f7918fdf1c20a6607113d446b21cbdd3cf9624833e11	24710	project-original-art	crhy and rhYciv contributors	GPL-3.0-only	https://github.com/crhy/rhYciv	scripts/prepare_road_overlays.py
RaylibUI/FOSSart/Terrain/Overlays/Rivers/river_mask_00.png	03a32342d32408ef27c7325085649286d1c31b2f83f78f36257e46a333e81792	23648	project-original-art	crhy and rhYciv contributors	GPL-3.0-only	https://github.com/crhy/rhYciv	scripts/prepare_custom_textures.py
RaylibUI/FOSSart/Terrain/Overlays/Rivers/river_mask_01.png	91c5f5abf13a650b44916a9672c361b50cf59982fd8f645c0ee21957f22e2ea7	20121	project-original-art	crhy and rhYciv contributors	GPL-3.0-only	https://github.com/crhy/rhYciv	scripts/prepare_custom_textures.py
RaylibUI/FOSSart/Terrain/Overlays/Rivers/river_mask_02.png	819accc8b498ab09d12d35cf494d0a3d9e3b2d3567dda0529d09a2491951be19	20366	project-original-art	crhy and rhYciv contributors	GPL-3.0-only	https://github.com/crhy/rhYciv	scripts/prepare_custom_textures.py
RaylibUI/FOSSart/Terrain/Overlays/Rivers/river_mask_03.png	e068cf81f9efba2639615989f5ed15b336856a6eca9472a28e82f57d7e86c322	33931	project-original-art	crhy and rhYciv contributors	GPL-3.0-only	https://github.com/crhy/rhYciv	scripts/prepare_custom_textures.py
RaylibUI/FOSSart/Terrain/Overlays/Rivers/river_mask_04.png	fc42cae7fca33f2aa4b5e07eefa7e2ae738f90d8e907f5fb48db5280b9d0f3c9	20211	project-original-art	crhy and rhYciv contributors	GPL-3.0-only	https://github.com/crhy/rhYciv	scripts/prepare_custom_textures.py
RaylibUI/FOSSart/Terrain/Overlays/Rivers/river_mask_05.png	18f362ddf4e61276494cf55a3a7aef7b23a88ac6ca0e60483139cb7890735c45	34683	project-original-art	crhy and rhYciv contributors	GPL-3.0-only	https://github.com/crhy/rhYciv	scripts/prepare_custom_textures.py
RaylibUI/FOSSart/Terrain/Overlays/Rivers/river_mask_06.png	896df3757a3c51e10c614bfc14efa58a1eee1db845774379f641b0d14090c74c	34836	project-original-art	crhy and rhYciv contributors	GPL-3.0-only	https://github.com/crhy/rhYciv	scripts/prepare_custom_textures.py
RaylibUI/FOSSart/Terrain/Overlays/Rivers/river_mask_07.png	db6385ec7b17007477946c8cee1a220808c8e8fb89f5ee58a138c69d4751797f	47758	project-original-art	crhy and rhYciv contributors	GPL-3.0-only	https://github.com/crhy/rhYciv	scripts/prepare_custom_textures.py
RaylibUI/FOSSart/Terrain/Overlays/Rivers/river_mask_08.png	8b546bb21e5d0c7974d26f368eb4c5c22099d15a2599ffbddf69b7efefb6bda8	20956	project-original-art	crhy and rhYciv contributors	GPL-3.0-only	https://github.com/crhy/rhYciv	scripts/prepare_custom_textures.py
RaylibUI/FOSSart/Terrain/Overlays/Rivers/river_mask_09.png	565923b238794cc155a8a7c9368e53a8d7451cd744c55706a239406732aae42c	34874	project-original-art	crhy and rhYciv contributors	GPL-3.0-only	https://github.com/crhy/rhYciv	scripts/prepare_custom_textures.py
RaylibUI/FOSSart/Terrain/Overlays/Rivers/river_mask_10.png	ada7f03ad9959d24b891b97b51ec496af56080549d902a56988f0a2f1bce7a30	35391	project-original-art	crhy and rhYciv contributors	GPL-3.0-only	https://github.com/crhy/rhYciv	scripts/prepare_custom_textures.py
RaylibUI/FOSSart/Terrain/Overlays/Rivers/river_mask_11.png	66815cab9b0244f2dd12f1aecdf19209ba0bc769d36aa8481459052c061a2e71	48106	project-original-art	crhy and rhYciv contributors	GPL-3.0-only	https://github.com/crhy/rhYciv	scripts/prepare_custom_textures.py
RaylibUI/FOSSart/Terrain/Overlays/Rivers/river_mask_12.png	e62d8a0a56d698ca91226b07a7ba535e1e7828cf8fc30c038440db5e7fb2753d	33735	project-original-art	crhy and rhYciv contributors	GPL-3.0-only	https://github.com/crhy/rhYciv	scripts/prepare_custom_textures.py
RaylibUI/FOSSart/Terrain/Overlays/Rivers/river_mask_13.png	49be0d64bc7d53e9602105fb6bc87bc986a6d27b6be4f1dfa3ea1b6e272a90d4	47335	project-original-art	crhy and rhYciv contributors	GPL-3.0-only	https://github.com/crhy/rhYciv	scripts/prepare_custom_textures.py
RaylibUI/FOSSart/Terrain/Overlays/Rivers/river_mask_14.png	cdb4448e37568dcdc0b039c3256575349b696cddd9399ed8c5e1baf660cfae41	47494	project-original-art	crhy and rhYciv contributors	GPL-3.0-only	https://github.com/crhy/rhYciv	scripts/prepare_custom_textures.py
RaylibUI/FOSSart/Terrain/Overlays/Rivers/river_mask_15.png	9947fc484b08bf20ec687a3e7300493851e814609ba2fb451b259aa93aa1375f	60120	project-original-art	crhy and rhYciv contributors	GPL-3.0-only	https://github.com/crhy/rhYciv	scripts/prepare_custom_textures.py
RaylibUI/FOSSart/Terrain/Overlays/Rivers/river_mouth_ne.png	2f7e5a29d32d677d15ceb1a2090bee6c12cf08fd8abcb856cd8a176dce1f17ef	13359	project-original-art	crhy and rhYciv contributors	GPL-3.0-only	https://github.com/crhy/rhYciv	scripts/prepare_custom_textures.py
RaylibUI/FOSSart/Terrain/Overlays/Rivers/river_mouth_nw.png	88f24dddcb39f2ebab4c56227416164b8eb39c1d3a3b38c820d17c3f3ecf13de	13629	project-original-art	crhy and rhYciv contributors	GPL-3.0-only	https://github.com/crhy/rhYciv	scripts/prepare_custom_textures.py
RaylibUI/FOSSart/Terrain/Overlays/Rivers/river_mouth_se.png	29c00840b9f8ce0c7c93c047f40c3db7d92490eb6f268a4537f7740b9e8afc6b	13009	project-original-art	crhy and rhYciv contributors	GPL-3.0-only	https://github.com/crhy/rhYciv	scripts/prepare_custom_textures.py
RaylibUI/FOSSart/Terrain/Overlays/Rivers/river_mouth_sw.png	e8a831626f6bfaf69b47b29b987580be7a0448f11c8bc8636b476b5895e72e29	13473	project-original-art	crhy and rhYciv contributors	GPL-3.0-only	https://github.com/crhy/rhYciv	scripts/prepare_custom_textures.py
RaylibUI/FOSSart/Terrain/Overlays/Roads/road_e.png	fe883a7de327219eac8546e355b8f5945019545cb4297de96430d15c39abebcf	19386	project-original-art	crhy and rhYciv contributors	GPL-3.0-only	https://github.com/crhy/rhYciv	scripts/prepare_road_overlays.py
RaylibUI/FOSSart/Terrain/Overlays/Roads/road_iso.png	675be21964e2e5accca255478782b8b5b0d0ec84debde22a07fc126ec69e38fb	8485	project-original-art	crhy and rhYciv contributors	GPL-3.0-only	https://github.com/crhy/rhYciv	scripts/prepare_road_overlays.py
RaylibUI/FOSSart/Terrain/Overlays/Roads/road_n.png	40bf0538dfe31f52b42754077139ae2080af986249e293fb634032cbed3e46ba	12030	project-original-art	crhy and rhYciv contributors	GPL-3.0-only	https://github.com/crhy/rhYciv	scripts/prepare_road_overlays.py
RaylibUI/FOSSart/Terrain/Overlays/Roads/road_ne.png	b2f33367e9a89b4a4c7689b1654960d0adb6a638a9cc1f3bc8c4a35228594f7e	14185	project-original-art	crhy and rhYciv contributors	GPL-3.0-only	https://github.com/crhy/rhYciv	scripts/prepare_road_overlays.py
RaylibUI/FOSSart/Terrain/Overlays/Roads/road_nw.png	bf3655edbd5444249f2687d3e3ae894e9a51c9ff362f719fba1de548c345e628	14372	project-original-art	crhy and rhYciv contributors	GPL-3.0-only	https://github.com/crhy/rhYciv	scripts/prepare_road_overlays.py
RaylibUI/FOSSart/Terrain/Overlays/Roads/road_s.png	aa23611952909b7b577724b634e530cdf2be0ebd0a9b2454fe497e7b54d58cd8	11721	project-original-art	crhy and rhYciv contributors	GPL-3.0-only	https://github.com/crhy/rhYciv	scripts/prepare_road_overlays.py
RaylibUI/FOSSart/Terrain/Overlays/Roads/road_se.png	8a4d04fe58cf65101bc48cf3cc7f91749bbed487f0598b9d1c25e5b911d127d5	13920	project-original-art	crhy and rhYciv contributors	GPL-3.0-only	https://github.com/crhy/rhYciv	scripts/prepare_road_overlays.py
RaylibUI/FOSSart/Terrain/Overlays/Roads/road_sw.png	e6d80378982853986e17c225a7f932ad67bd19270eec1a5d90f48dfe465535f4	14146	project-original-art	crhy and rhYciv contributors	GPL-3.0-only	https://github.com/crhy/rhYciv	scripts/prepare_road_overlays.py
RaylibUI/FOSSart/Terrain/Overlays/Roads/road_w.png	061d59269e6fc3de7d6675324fe5033b1e5dad6af485bfed44e33aa14be0bf45	19649	project-original-art	crhy and rhYciv contributors	GPL-3.0-only	https://github.com/crhy/rhYciv	scripts/prepare_road_overlays.py
RaylibUI/FOSSart/Terrain/Specials/desert_1.png	5aba4f71eff26397df21293eee8cdf785fb539300c4ed8fa54f5870694686471	119595	project-original-art	crhy and rhYciv contributors	GPL-3.0-only	https://github.com/crhy/rhYciv	scripts/prepare_custom_textures.py
RaylibUI/FOSSart/Terrain/Specials/desert_2.png	695e343a1936e98c1c6a8917a45c009d7cc6651c4c95b6747c79ff80821f5467	84071	project-original-art	crhy and rhYciv contributors	GPL-3.0-only	https://github.com/crhy/rhYciv	scripts/prepare_custom_textures.py
RaylibUI/FOSSart/Terrain/Specials/glacier_2.png	8ae0a93e5acf06bd1084cb74ecffb17acf1cdfb2bac2d71dc1eeeec451933218	82607	project-original-art	crhy and rhYciv contributors	GPL-3.0-only	https://github.com/crhy/rhYciv	scripts/prepare_custom_textures.py
RaylibUI/FOSSart/Terrain/Specials/grassland_1.png	38cd0a93efff687952fe874701342ffd3fafe45fa2a73a08129cdc05ecfb44df	43179	project-original-art	crhy and rhYciv contributors	GPL-3.0-only	https://github.com/crhy/rhYciv	scripts/prepare_custom_textures.py
RaylibUI/FOSSart/Terrain/Specials/grassland_2.png	1343da58899339121d72f51d50a882baf84e3b3557d19180741a4209dc586d17	118589	project-original-art	crhy and rhYciv contributors	GPL-3.0-only	https://github.com/crhy/rhYciv	scripts/prepare_custom_textures.py
RaylibUI/FOSSart/Terrain/Specials/hills_2.png	b605aa90803981d0e354401c0b664ad9429e6cf2fff156c66f7889960a4b0f82	91076	project-original-art	crhy and rhYciv contributors	GPL-3.0-only	https://github.com/crhy/rhYciv	scripts/prepare_custom_textures.py
RaylibUI/FOSSart/Terrain/Specials/jungle_1.png	4111172991c33cf75cca8249539a2a7492a9886048be57e5646019274969e20f	75251	project-original-art	crhy and rhYciv contributors	GPL-3.0-only	https://github.com/crhy/rhYciv	scripts/prepare_custom_textures.py
RaylibUI/FOSSart/Terrain/Specials/jungle_2.png	ca16f5c5d0458c38774634d4eab09a6227e4b4234ecedd55294b303d6bc1bb3f	78602	project-original-art	crhy and rhYciv contributors	GPL-3.0-only	https://github.com/crhy/rhYciv	scripts/prepare_custom_textures.py
RaylibUI/FOSSart/Terrain/Specials/ocean_1.png	3133d283a7eb9f19d86aecb116136f8a47ec7172bbd0e9db13590a367680a7fe	57879	project-original-art	crhy and rhYciv contributors	GPL-3.0-only	https://github.com/crhy/rhYciv	scripts/prepare_custom_textures.py
RaylibUI/FOSSart/Terrain/Specials/ocean_2.png	8b1c8122a2e18080a6717c60f9865dbbc96bd4992b46aa61143cb8854af4de0e	131704	project-original-art	crhy and rhYciv contributors	GPL-3.0-only	https://github.com/crhy/rhYciv	scripts/prepare_custom_textures.py
RaylibUI/FOSSart/Terrain/Specials/plains_1.png	bb3901c47727e553114b8d0668df4fbaa8a8f3317763dd7ffee8861379d921bd	152909	project-original-art	crhy and rhYciv contributors	GPL-3.0-only	https://github.com/crhy/rhYciv	scripts/prepare_custom_textures.py
RaylibUI/FOSSart/Terrain/Specials/plains_2.png	cb838c3ce66d6130edbb95484303fc304ce7b5f00b37b1066c97ef391f12436e	136730	project-original-art	crhy and rhYciv contributors	GPL-3.0-only	https://github.com/crhy/rhYciv	scripts/prepare_custom_textures.py
RaylibUI/FOSSart/Terrain/Specials/swamp_1.png	07313f685ab8d0f7d01843f8561844a63b621ce5893eea421a44b171fef3a8a7	62144	project-original-art	crhy and rhYciv contributors	GPL-3.0-only	https://github.com/crhy/rhYciv	scripts/prepare_custom_textures.py
RaylibUI/FOSSart/Terrain/Specials/tundra_1.png	85c16bccfaeade87e8f0c0bb218077154cfb61c45376da11b156138daa50623e	94853	project-original-art	crhy and rhYciv contributors	GPL-3.0-only	https://github.com/crhy/rhYciv	scripts/prepare_custom_textures.py
RaylibUI/FOSSart/Terrain/Specials/tundra_2.png	539e4327d2a36177de84339a9c2d048fd354e38f482c6899891d8d53a4ac41c3	101500	project-original-art	crhy and rhYciv contributors	GPL-3.0-only	https://github.com/crhy/rhYciv	scripts/prepare_custom_textures.py
RaylibUI/FOSSart/Terrain/desert.jpg	2097199dc35a19be5519a7eae60264451597ffa9f67724ae1fe662b34d525e4c	373804	project-original-art	crhy and rhYciv contributors	GPL-3.0-only	https://github.com/crhy/rhYciv	none
RaylibUI/FOSSart/Terrain/desert.png	ac26c08ab4903093380cf8dd21d295041f2c859c7e9bcbf0cb22dedc5d9253bb	763249	project-original-art	crhy and rhYciv contributors	GPL-3.0-only	https://github.com/crhy/rhYciv	scripts/prepare_custom_textures.py
RaylibUI/FOSSart/Terrain/glacier.jpg	37613b871ba6e865f56d118e39565dadf0751add959d76124badc24e51b31f20	288077	project-original-art	crhy and rhYciv contributors	GPL-3.0-only	https://github.com/crhy/rhYciv	none
RaylibUI/FOSSart/Terrain/glacier.png	40bfbbd8b57177bf1d9d5493a934151f17953ae67a6a86ba2243d4d71f81d5b6	678332	project-original-art	crhy and rhYciv contributors	GPL-3.0-only	https://github.com/crhy/rhYciv	scripts/prepare_custom_textures.py
RaylibUI/FOSSart/Terrain/glacier_b.png	5814249148360b5ede637d4c1379336c1bf8dcb86a5b687e21de1518b7e9d3cd	680443	project-original-art	crhy and rhYciv contributors	GPL-3.0-only	https://github.com/crhy/rhYciv	scripts/prepare_custom_textures.py
RaylibUI/FOSSart/Terrain/goodyhut.png	a5a893ee06bc1be3a69609ba9b110e1d9f5e2f78660c652b63d7ada828c50641	191047	project-original-art	crhy and rhYciv contributors	GPL-3.0-only	https://github.com/crhy/rhYciv	scripts/prepare_custom_textures.py
RaylibUI/FOSSart/Terrain/grassland.jpg	6935f4f3c3e2e42896e4db180966b03743123f2d3605e5768862751e26b7254d	468853	project-original-art	crhy and rhYciv contributors	GPL-3.0-only	https://github.com/crhy/rhYciv	none
RaylibUI/FOSSart/Terrain/grassland.png	69a57ed44d0203ec533f84074ea799a0d3b38a2b9141c154ff148be647834606	854204	project-original-art	crhy and rhYciv contributors	GPL-3.0-only	https://github.com/crhy/rhYciv	scripts/prepare_custom_textures.py
RaylibUI/FOSSart/Terrain/grassland_b.png	bc22990668de6f098e17115b72e37da35e7cb520d6c22699b2b2040ae4dcbd3e	835979	project-original-art	crhy and rhYciv contributors	GPL-3.0-only	https://github.com/crhy/rhYciv	scripts/prepare_custom_textures.py
RaylibUI/FOSSart/Terrain/hills.jpg	ef13ed7b631e22f955ebd77611686e55a4ec6293ea294333aab09a41b9121838	493923	project-original-art	crhy and rhYciv contributors	GPL-3.0-only	https://github.com/crhy/rhYciv	none
RaylibUI/FOSSart/Terrain/hills.png	fee74ae9f81dc078893d1f5982f874da8dd96231af8156882db2770a71ad649c	749734	project-original-art	crhy and rhYciv contributors	GPL-3.0-only	https://github.com/crhy/rhYciv	scripts/prepare_custom_textures.py
RaylibUI/FOSSart/Terrain/jungle.jpg	47adf827aa6bb9893c131d439a7bd663f394946303f8ac1ced0323c289fa65d4	611641	project-original-art	crhy and rhYciv contributors	GPL-3.0-only	https://github.com/crhy/rhYciv	none
RaylibUI/FOSSart/Terrain/jungle.png	19b91738ba38a698adc42c278bde60acac3327d2d3d4e91baf9a741ec83b910f	632496	project-original-art	crhy and rhYciv contributors	GPL-3.0-only	https://github.com/crhy/rhYciv	scripts/prepare_custom_textures.py
RaylibUI/FOSSart/Terrain/jungle_b.png	ffaffcb1cbe93d003c621eb5b130382f6675938c8d3690dd846a619a2b63a7a0	666708	project-original-art	crhy and rhYciv contributors	GPL-3.0-only	https://github.com/crhy/rhYciv	scripts/prepare_custom_textures.py
RaylibUI/FOSSart/Terrain/mountains.jpg	e9bd47cdc207ce9ceb55083ff8907ee29c6d446fb7ad0ea30555993f28d59a33	353934	project-original-art	crhy and rhYciv contributors	GPL-3.0-only	https://github.com/crhy/rhYciv	none
RaylibUI/FOSSart/Terrain/mountains.png	3b9be709f861ebcaea128b42225af88fec33b5bf5cb46ba5c9e23bf91db7c40e	764546	project-original-art	crhy and rhYciv contributors	GPL-3.0-only	https://github.com/crhy/rhYciv	scripts/prepare_custom_textures.py
RaylibUI/FOSSart/Terrain/ocean.jpg	1d1d0388ff4ac6ea26332202ab58b0ff6273214245b458f41d6ee1a3d9f0f383	344650	project-original-art	crhy and rhYciv contributors	GPL-3.0-only	https://github.com/crhy/rhYciv	none
RaylibUI/FOSSart/Terrain/ocean.png	a9afb2a53fa0b2698d9ee0c6abb0eb7d33f0ad594e631c4dbfb7aa45ab6a33c6	644282	project-original-art	crhy and rhYciv contributors	GPL-3.0-only	https://github.com/crhy/rhYciv	scripts/prepare_custom_textures.py
RaylibUI/FOSSart/Terrain/ocean_b.png	3f82ae8fbe8e4417e1f2e27af39b6903bbdf73a97516b1646d6852fe67a39f82	611623	project-original-art	crhy and rhYciv contributors	GPL-3.0-only	https://github.com/crhy/rhYciv	scripts/prepare_custom_textures.py
RaylibUI/FOSSart/Terrain/oceanb.jpg	b95a860afaf584b8fbd0537b90ca37997f6a650c755fe18b06a63470c7126524	169938	project-original-art	crhy and rhYciv contributors	GPL-3.0-only	https://github.com/crhy/rhYciv	none
RaylibUI/FOSSart/Terrain/plains.jpg	6b4006b16e7b4d31e32a4519cf769cb1f189a1ed9ea9c8a983b7ff27cd8fee57	465806	project-original-art	crhy and rhYciv contributors	GPL-3.0-only	https://github.com/crhy/rhYciv	none
RaylibUI/FOSSart/Terrain/plains.png	868d631066738e1aaeadfb720e7ee346c5df00fffda17e2be10c2a2f30f64f60	764057	project-original-art	crhy and rhYciv contributors	GPL-3.0-only	https://github.com/crhy/rhYciv	scripts/prepare_custom_textures.py
RaylibUI/FOSSart/Terrain/plains_b.png	c28715925c3d8ccfe8a7b344cdc91cdc017c8e79d927bff094edbf33a7c69e71	745373	project-original-art	crhy and rhYciv contributors	GPL-3.0-only	https://github.com/crhy/rhYciv	scripts/prepare_custom_textures.py
RaylibUI/FOSSart/Terrain/river.jpg	005a9645b1a49c84e264829da0f3ca8ba24d6cab1475b49ef4d78cdeec796eff	425740	project-original-art	crhy and rhYciv contributors	GPL-3.0-only	https://github.com/crhy/rhYciv	none
RaylibUI/FOSSart/Terrain/swamp.jpg	ff93e4c4fc00611dcdd111188df8d599f68b8cd7544e1ae98577999fcc4bd568	367598	project-original-art	crhy and rhYciv contributors	GPL-3.0-only	https://github.com/crhy/rhYciv	none
RaylibUI/FOSSart/Terrain/swamp.png	6a34d225dd651bca0486931855bf30c6fec3740ab94a2f991c4aa174b2726949	651993	project-original-art	crhy and rhYciv contributors	GPL-3.0-only	https://github.com/crhy/rhYciv	scripts/prepare_custom_textures.py
RaylibUI/FOSSart/Terrain/swamp_b.png	cc3eefd9df8b2c90fd99f9953e6ad7c7605f81393814938954a40c54eba23a80	595851	project-original-art	crhy and rhYciv contributors	GPL-3.0-only	https://github.com/crhy/rhYciv	scripts/prepare_custom_textures.py
RaylibUI/FOSSart/Terrain/tundra.jpg	d20b0fffcab41dda9a44fdd85ae1b235594f9a9da87c3454f209cb998024f258	339384	project-original-art	crhy and rhYciv contributors	GPL-3.0-only	https://github.com/crhy/rhYciv	none
RaylibUI/FOSSart/Terrain/tundra.png	d26d2218dd4ba1a0b78dda88fd6f2bd44befe0f6b9680d231fff69502e3258b5	749132	project-original-art	crhy and rhYciv contributors	GPL-3.0-only	https://github.com/crhy/rhYciv	scripts/prepare_custom_textures.py
RaylibUI/FOSSart/Units/aegiscruiser.png	a5b200963be390a92a86b60243438e23fcf799c7b66f838e4295e36cd9f4dd2c	61731	project-original-art	crhy and rhYciv contributors	GPL-3.0-only	https://github.com/crhy/rhYciv	scripts/prepare_custom_textures.py
RaylibUI/FOSSart/Units/alpinetroops.png	a69c415d184beff254ac3e966be2db63d63e22840ec0f606b2123f7229cea099	68569	project-original-art	crhy and rhYciv contributors	GPL-3.0-only	https://github.com/crhy/rhYciv	scripts/prepare_custom_textures.py
RaylibUI/FOSSart/Units/archers.png	94f58d28cc326d02e3873021e769e000633f50b1283a07faa2d43d8072f66d75	47994	project-original-art	crhy and rhYciv contributors	GPL-3.0-only	https://github.com/crhy/rhYciv	scripts/prepare_custom_textures.py
RaylibUI/FOSSart/Units/armour.png	55210eace5fd8e6f08931f949499d51ded6ad65bcc087879b3909002cbf9182c	71627	project-original-art	crhy and rhYciv contributors	GPL-3.0-only	https://github.com/crhy/rhYciv	scripts/prepare_custom_textures.py
RaylibUI/FOSSart/Units/artillery.png	f911c89d9b95a895a932d2d4d182a0bfc252b70be08cfde0a3d92f406efa0628	62891	project-original-art	crhy and rhYciv contributors	GPL-3.0-only	https://github.com/crhy/rhYciv	scripts/prepare_custom_textures.py
RaylibUI/FOSSart/Units/battleship.png	821d2f781460c2a39f7cb1e3740c1397d2864a27bf17981a95c4f3a9ca359f8d	57632	project-original-art	crhy and rhYciv contributors	GPL-3.0-only	https://github.com/crhy/rhYciv	scripts/prepare_custom_textures.py
RaylibUI/FOSSart/Units/bombers.png	1191526ad0632477806c4f4b334537e56df84eb48715d9ad7c1cb4448016cb1f	71185	project-original-art	crhy and rhYciv contributors	GPL-3.0-only	https://github.com/crhy/rhYciv	scripts/prepare_custom_textures.py
RaylibUI/FOSSart/Units/cannon.png	5455b0bb42fe80702c8ecb207770d9e7804768c0b7f03ad44e4b234d05d99670	51494	project-original-art	crhy and rhYciv contributors	GPL-3.0-only	https://github.com/crhy/rhYciv	scripts/prepare_custom_textures.py
RaylibUI/FOSSart/Units/caravan.png	9333383e4c87b42db98412486063b1a8b59815f45987556138c9cc9ebd8fd08d	74694	project-original-art	crhy and rhYciv contributors	GPL-3.0-only	https://github.com/crhy/rhYciv	scripts/prepare_custom_textures.py
RaylibUI/FOSSart/Units/caravel.png	fd3d6dcc05702b5541f21ba9e45f99bb9c83bb5fc27da30a5d5e16246da15fb8	67001	project-original-art	crhy and rhYciv contributors	GPL-3.0-only	https://github.com/crhy/rhYciv	scripts/prepare_custom_textures.py
RaylibUI/FOSSart/Units/carrier.png	123ee9036ebded8f413204c717c66372c2638e494da253b64e3789fbd283e936	49651	project-original-art	crhy and rhYciv contributors	GPL-3.0-only	https://github.com/crhy/rhYciv	scripts/prepare_custom_textures.py
RaylibUI/FOSSart/Units/catapult.png	c9e7b3a25c4b43dc589a1ee5e970f54830e99bc2c9f2c8855a3ef907dde0fde6	45397	project-original-art	crhy and rhYciv contributors	GPL-3.0-only	https://github.com/crhy/rhYciv	scripts/prepare_custom_textures.py
RaylibUI/FOSSart/Units/cavalry.png	86f2a5831d6522b927c80e110e04318f8b880f5734da234e7329408d66817597	66358	project-original-art	crhy and rhYciv contributors	GPL-3.0-only	https://github.com/crhy/rhYciv	scripts/prepare_custom_textures.py
RaylibUI/FOSSart/Units/chariot.png	5f9d1415c1bf22e3acfaa5f9bda456cbc19ef6ba944ec0de8c681dac6eb0aba7	118568	project-original-art	crhy and rhYciv contributors	GPL-3.0-only	https://github.com/crhy/rhYciv	scripts/prepare_custom_textures.py
RaylibUI/FOSSart/Units/cruisemissile.png	0e87a947e56722626c71871e402cc227f4519f5b7cf292ab02bf960ac632eeb0	23510	project-original-art	crhy and rhYciv contributors	GPL-3.0-only	https://github.com/crhy/rhYciv	scripts/prepare_custom_textures.py
RaylibUI/FOSSart/Units/cruiser.png	f2d4a4ce4b6f165de9b08495adf600758ffbfece91747d0eb60b389368e1c650	58788	project-original-art	crhy and rhYciv contributors	GPL-3.0-only	https://github.com/crhy/rhYciv	scripts/prepare_custom_textures.py
RaylibUI/FOSSart/Units/crusader.png	81e068ae39a108a325cc687cdfd439001a7f87fd11ca2b724b0c74f6445f79eb	80519	project-original-art	crhy and rhYciv contributors	GPL-3.0-only	https://github.com/crhy/rhYciv	scripts/prepare_custom_textures.py
RaylibUI/FOSSart/Units/crusaders.png	81e068ae39a108a325cc687cdfd439001a7f87fd11ca2b724b0c74f6445f79eb	80519	project-original-art	crhy and rhYciv contributors	GPL-3.0-only	https://github.com/crhy/rhYciv	scripts/prepare_custom_textures.py
RaylibUI/FOSSart/Units/destroyer.png	c9d1a1ab4fc15f8aebaef5ac4de71ce776c4ab6a3907abe54799af9889c64ee6	40743	project-original-art	crhy and rhYciv contributors	GPL-3.0-only	https://github.com/crhy/rhYciv	scripts/prepare_custom_textures.py
RaylibUI/FOSSart/Units/diplomat.png	c17c97351883231ef0430d4cc2145ce1ddf4558fa81e64206b344dba613c48a2	23509	project-original-art	crhy and rhYciv contributors	GPL-3.0-only	https://github.com/crhy/rhYciv	scripts/prepare_custom_textures.py
RaylibUI/FOSSart/Units/dragoons.png	0b171d9e4d04d087ac543796516341e2af7d9ccf50af7ec7a353c5e303a602da	76320	project-original-art	crhy and rhYciv contributors	GPL-3.0-only	https://github.com/crhy/rhYciv	scripts/prepare_custom_textures.py
RaylibUI/FOSSart/Units/elephant.png	9f0c94bd55b67c8890e4372086fe072969d7b946ec49c57e641fa9d932e5cc39	89560	project-original-art	crhy and rhYciv contributors	GPL-3.0-only	https://github.com/crhy/rhYciv	scripts/prepare_custom_textures.py
RaylibUI/FOSSart/Units/engineers.png	94c6a5e5e3157f3190e9d3ca0a7836095e2d90a590873870d35c7a8cd2c3df45	45602	project-original-art	crhy and rhYciv contributors	GPL-3.0-only	https://github.com/crhy/rhYciv	scripts/prepare_custom_textures.py
RaylibUI/FOSSart/Units/explorer.png	d44e0046e14bc00e37d5a64155ae4d14a8501bd61cd4de4d1dbebf07aa75737e	36072	project-original-art	crhy and rhYciv contributors	GPL-3.0-only	https://github.com/crhy/rhYciv	scripts/prepare_custom_textures.py
RaylibUI/FOSSart/Units/fanatics.png	f61039e15fd57edd409c7848de215a021cdf030868b8d240b9433735bdffbee6	48835	project-original-art	crhy and rhYciv contributors	GPL-3.0-only	https://github.com/crhy/rhYciv	scripts/prepare_custom_textures.py
RaylibUI/FOSSart/Units/fighters.png	79108672afd4f64e5551800af20a038835a1567b75a7a731420cf51c72d68dd6	60299	project-original-art	crhy and rhYciv contributors	GPL-3.0-only	https://github.com/crhy/rhYciv	scripts/prepare_custom_textures.py
RaylibUI/FOSSart/Units/freight.png	6cd81454d1898daab1df2034029adc83383dce63d82a6dfdc0beb1a7463b583c	64167	project-original-art	crhy and rhYciv contributors	GPL-3.0-only	https://github.com/crhy/rhYciv	scripts/prepare_custom_textures.py
RaylibUI/FOSSart/Units/frigate.png	74050e208f6deb0caeefe5cf288ef33d9af746519606806ccf861555b0d7304a	73605	project-original-art	crhy and rhYciv contributors	GPL-3.0-only	https://github.com/crhy/rhYciv	scripts/prepare_custom_textures.py
RaylibUI/FOSSart/Units/galleon.png	fdf7825227ee405875b66b32e2d1d85cf01585e82d896f908cc0af8835b2be7a	69005	project-original-art	crhy and rhYciv contributors	GPL-3.0-only	https://github.com/crhy/rhYciv	scripts/prepare_custom_textures.py
RaylibUI/FOSSart/Units/helicopter.png	d8ff20440962b920707d83a62f5756faa578144e1f1a1e86ff14f2956f793dea	54053	project-original-art	crhy and rhYciv contributors	GPL-3.0-only	https://github.com/crhy/rhYciv	scripts/prepare_custom_textures.py
RaylibUI/FOSSart/Units/horsemen.png	fbe866f4fa74e2b7721e6fb2be4e26e110d6b0667189397f98cf95d878a29800	53254	project-original-art	crhy and rhYciv contributors	GPL-3.0-only	https://github.com/crhy/rhYciv	scripts/prepare_custom_textures.py
RaylibUI/FOSSart/Units/howitzer.png	0cbe3e7c977f9bbca7a01cd5907a241f06c924f975f6cb8a5b826d301f91ae23	52667	project-original-art	crhy and rhYciv contributors	GPL-3.0-only	https://github.com/crhy/rhYciv	scripts/prepare_custom_textures.py
RaylibUI/FOSSart/Units/ironclad.png	9f6e184a1cedd37f5d4df00d3cc0edcf98b1d8f749969d68fad9e8b6b23ac281	57943	project-original-art	crhy and rhYciv contributors	GPL-3.0-only	https://github.com/crhy/rhYciv	scripts/prepare_custom_textures.py
RaylibUI/FOSSart/Units/knights.png	a453f2acd84c36b1c6552ac6cc23040f9fc89ba5bd38cc972849ead2a2ac3ff1	58822	project-original-art	crhy and rhYciv contributors	GPL-3.0-only	https://github.com/crhy/rhYciv	scripts/prepare_custom_textures.py
RaylibUI/FOSSart/Units/legions.png	7ff701c24455ed2d5a080cdb264e1c875f089898d4edc7826d7309a53a5d9e5b	55750	project-original-art	crhy and rhYciv contributors	GPL-3.0-only	https://github.com/crhy/rhYciv	scripts/prepare_custom_textures.py
RaylibUI/FOSSart/Units/marines.png	23c6bbe3c259d052369ffa331205f5c3c11d3562f478e2cc0bb293deb9080c51	41345	project-original-art	crhy and rhYciv contributors	GPL-3.0-only	https://github.com/crhy/rhYciv	scripts/prepare_custom_textures.py
RaylibUI/FOSSart/Units/mechanizedinfantry.png	4c808f35870f5dea6dd51535906d026e437143ea0d2229e974406b4c0710856a	61977	project-original-art	crhy and rhYciv contributors	GPL-3.0-only	https://github.com/crhy/rhYciv	scripts/prepare_custom_textures.py
RaylibUI/FOSSart/Units/musketeers.png	7d26a53380caf03ad1c89d4a58f4019c2403de41d9ad0467c8304557e9ce3a02	47124	project-original-art	crhy and rhYciv contributors	GPL-3.0-only	https://github.com/crhy/rhYciv	scripts/prepare_custom_textures.py
RaylibUI/FOSSart/Units/nuclearmissile.png	e292975f24a6a8b47d62804a3ecc314eb7e8cae87ddd51447bd977fc19d0e056	23007	project-original-art	crhy and rhYciv contributors	GPL-3.0-only	https://github.com/crhy/rhYciv	scripts/prepare_custom_textures.py
RaylibUI/FOSSart/Units/paratroopers.png	b8413f55799dfcb27c8500f6bd08fc25b597a0f96fc399bc8c6bc94c448e8193	73012	project-original-art	crhy and rhYciv contributors	GPL-3.0-only	https://github.com/crhy/rhYciv	scripts/prepare_custom_textures.py
RaylibUI/FOSSart/Units/partisans.png	43afcec64a089a62fcc0882210040a158f80e144b0fdd1eecaa273a56b600c27	55827	project-original-art	crhy and rhYciv contributors	GPL-3.0-only	https://github.com/crhy/rhYciv	scripts/prepare_custom_textures.py
RaylibUI/FOSSart/Units/phalanx.png	6a3f2cd05322eddc3fdfc75231d55fbe5125a5fb31189e3b51c163be0b9f341c	49710	project-original-art	crhy and rhYciv contributors	GPL-3.0-only	https://github.com/crhy/rhYciv	scripts/prepare_custom_textures.py
RaylibUI/FOSSart/Units/pikemen.png	722917106eab91daad5dcc4f1131cc95436be55b9411cac6da4969be9dfccc43	33472	project-original-art	crhy and rhYciv contributors	GPL-3.0-only	https://github.com/crhy/rhYciv	scripts/prepare_custom_textures.py
RaylibUI/FOSSart/Units/riflemen.png	a8477b138ddd0809b54588a6c78b571465a4c0b59482ea9f9cf2c52a6b187db8	58641	project-original-art	crhy and rhYciv contributors	GPL-3.0-only	https://github.com/crhy/rhYciv	scripts/prepare_custom_textures.py
RaylibUI/FOSSart/Units/settlers.png	9563f4bfad141041c40d66e826bf00149b550092f637fa1104d0365af55e5f65	45479	project-original-art	crhy and rhYciv contributors	GPL-3.0-only	https://github.com/crhy/rhYciv	scripts/prepare_custom_textures.py
RaylibUI/FOSSart/Units/spy.png	4c6150b421b87988230617876b23fa5195e9d2a85ee21fef7281584eb6bd3baf	50627	project-original-art	crhy and rhYciv contributors	GPL-3.0-only	https://github.com/crhy/rhYciv	scripts/prepare_custom_textures.py
RaylibUI/FOSSart/Units/stealthbomber.png	f44e262474c883f751221bf47d9b098e29d3ac02b17a8dd80c9695ee9a34a4bd	32348	project-original-art	crhy and rhYciv contributors	GPL-3.0-only	https://github.com/crhy/rhYciv	scripts/prepare_custom_textures.py
RaylibUI/FOSSart/Units/stealthfighter.png	6e600e984450023fbecb617f85c713ea2a7d37b943e3c2a009764369c6d4fdbf	46273	project-original-art	crhy and rhYciv contributors	GPL-3.0-only	https://github.com/crhy/rhYciv	scripts/prepare_custom_textures.py
RaylibUI/FOSSart/Units/submarine.png	8068fb9552178e6293335714ff8c232e8e2b2490cf79aa2ce4ba654a434b2457	59706	project-original-art	crhy and rhYciv contributors	GPL-3.0-only	https://github.com/crhy/rhYciv	scripts/prepare_custom_textures.py
RaylibUI/FOSSart/Units/transport.png	5475d3fe87abe8fcf7d35ea647392d254eccd078aa0fcda2e0b8b37010b6940a	56128	project-original-art	crhy and rhYciv contributors	GPL-3.0-only	https://github.com/crhy/rhYciv	scripts/prepare_custom_textures.py
RaylibUI/FOSSart/Units/trireme.png	1cdc05ba0dc50152d1510a1382876d4b02d0ce4c63c498ac8f9e71647f6dcfb2	88909	project-original-art	crhy and rhYciv contributors	GPL-3.0-only	https://github.com/crhy/rhYciv	scripts/prepare_custom_textures.py
RaylibUI/FOSSart/Units/warriors.png	4e402dc995feaa60d19423462751ae1d87e3f000234ae58e255b946615cd0c13	49379	project-original-art	crhy and rhYciv contributors	GPL-3.0-only	https://github.com/crhy/rhYciv	scripts/prepare_custom_textures.py
RaylibUI/FOSSart/Wonders/SETIprogram.jpg	cec32eb0a1cb0cce33b806835d5197a91f6465155991feb5a4d58404c9a4fca0	494365	project-original-art	crhy and rhYciv contributors	GPL-3.0-only	https://github.com/crhy/rhYciv	none
RaylibUI/FOSSart/Wonders/adamsmith'stradingcompany.jpg	936386e7127e4d62e5671cd00a9d45daa595b3c19b131f3ab8431e2344e00303	411138	project-original-art	crhy and rhYciv contributors	GPL-3.0-only	https://github.com/crhy/rhYciv	none
RaylibUI/FOSSart/Wonders/apolloprogram.jpg	206743e7fa3d8fd97738c926e785684fec8916aa9ffef69512c3402deaf914c4	339172	project-original-art	crhy and rhYciv contributors	GPL-3.0-only	https://github.com/crhy/rhYciv	none
RaylibUI/FOSSart/Wonders/colossus.jpg	f327e003c76e1abdc043a25b4d10e0862f70d00191106d3a05506beb61f4b599	242653	project-original-art	crhy and rhYciv contributors	GPL-3.0-only	https://github.com/crhy/rhYciv	none
RaylibUI/FOSSart/Wonders/copernicus'observatory.jpg	1cde66140ab80ad6f960ef8b379af80587ac8d35d399175f082e8adfd23be7e1	398276	project-original-art	crhy and rhYciv contributors	GPL-3.0-only	https://github.com/crhy/rhYciv	none
RaylibUI/FOSSart/Wonders/cureforcancer.jpg	296e484e2716b99de0ad30be833a01783a5b2efcd74f640150a4a0c1e0783d03	203744	project-original-art	crhy and rhYciv contributors	GPL-3.0-only	https://github.com/crhy/rhYciv	none
RaylibUI/FOSSart/Wonders/darwin'svoyage.jpg	6f9b330ce4e1a37ff0776afbbf3b9750a71adde86c3b4f089674575e99a71d17	377619	project-original-art	crhy and rhYciv contributors	GPL-3.0-only	https://github.com/crhy/rhYciv	none
RaylibUI/FOSSart/Wonders/eiffeltower.jpg	3e1b5d1772e8e10c8d6e6f73791f1dfa4d0e6b0d092b5354bceb258660cd811e	321933	project-original-art	crhy and rhYciv contributors	GPL-3.0-only	https://github.com/crhy/rhYciv	none
RaylibUI/FOSSart/Wonders/greatlibrary.jpg	4e4bbd519a3bc099d68489cd618b84ce2e3bbd687e51ec645c3f38db00dcade8	420407	project-original-art	crhy and rhYciv contributors	GPL-3.0-only	https://github.com/crhy/rhYciv	none
RaylibUI/FOSSart/Wonders/greatwall.jpg	e92a3b2afc54cf6625ec79143d5c187e685fb4bdab1e3b13a936d4dfe9c9c237	291579	project-original-art	crhy and rhYciv contributors	GPL-3.0-only	https://github.com/crhy/rhYciv	none
RaylibUI/FOSSart/Wonders/hanginggardens.jpg	3507b1c2f54ea952623a274849100b65d3d6d8d47fc4920e8562d493e4850835	487732	project-original-art	crhy and rhYciv contributors	GPL-3.0-only	https://github.com/crhy/rhYciv	none
RaylibUI/FOSSart/Wonders/hooverdam.jpg	8883355cae1d7bfc7fee5cabb93883fb5017e453322a600ff1745c71f576c432	386909	project-original-art	crhy and rhYciv contributors	GPL-3.0-only	https://github.com/crhy/rhYciv	none
RaylibUI/FOSSart/Wonders/isaacnewton'scollege.jpg	0bb48d73fa3082e3e4b55d6aa169c88ca241012dd8c9482edb105e0c0bb45ca0	258921	project-original-art	crhy and rhYciv contributors	GPL-3.0-only	https://github.com/crhy/rhYciv	none
RaylibUI/FOSSart/Wonders/jsbach'scathedral.jpg	0fc6f470ebf18c2ce27fc90ff8ec5c80bfff1029cafcf09bcf907771aebba6bf	380865	project-original-art	crhy and rhYciv contributors	GPL-3.0-only	https://github.com/crhy/rhYciv	none
RaylibUI/FOSSart/Wonders/kingrichardscrusade.jpg	b12ed8d3a4eae6665334a5174952f43f017dbc4ae0ae51d16d4ebf0e47a43c8b	388793	project-original-art	crhy and rhYciv contributors	GPL-3.0-only	https://github.com/crhy/rhYciv	none
RaylibUI/FOSSart/Wonders/leonardo'sworkshop.jpg	a8c135bbd729c7b9000753f858bb88e61691a1bc6a8900571cb51bf3d09267f4	438693	project-original-art	crhy and rhYciv contributors	GPL-3.0-only	https://github.com/crhy/rhYciv	none
RaylibUI/FOSSart/Wonders/lighthouse.jpg	1fe3711e27083aa1f9bb28ebe605b78c9d47750abafb882e9d86300dd825e55c	376786	project-original-art	crhy and rhYciv contributors	GPL-3.0-only	https://github.com/crhy/rhYciv	none
RaylibUI/FOSSart/Wonders/magellan'sexpedition.jpg	b3d12c751291447409f9fcfac1bbb921405ab95f36939b3ebf082506449f75e7	422503	project-original-art	crhy and rhYciv contributors	GPL-3.0-only	https://github.com/crhy/rhYciv	none
RaylibUI/FOSSart/Wonders/manhattanproject.jpg	df3c2c643af90312657ab71ef502bc3c308487330ddc554654ec94793f17050a	312807	project-original-art	crhy and rhYciv contributors	GPL-3.0-only	https://github.com/crhy/rhYciv	none
RaylibUI/FOSSart/Wonders/marcopolo'sembassy.jpg	31aa56701ddfd6954fa7c547897df89fe9d45c056666a594cce15fc28ee5adef	272598	project-original-art	crhy and rhYciv contributors	GPL-3.0-only	https://github.com/crhy/rhYciv	none
RaylibUI/FOSSart/Wonders/michelangelo'schapel.jpg	6fceb19e6058f2bbdc2cf72ab3e7f296e86f94eaaae6b296f19cf922830f6e1c	360250	project-original-art	crhy and rhYciv contributors	GPL-3.0-only	https://github.com/crhy/rhYciv	none
RaylibUI/FOSSart/Wonders/oracle.jpg	496b86b153fe551a4142fda37bce0a80e4a76e0f1315e55231e5d947d2e2a597	383281	project-original-art	crhy and rhYciv contributors	GPL-3.0-only	https://github.com/crhy/rhYciv	none
RaylibUI/FOSSart/Wonders/pyramids.jpg	52ede945c0115810c25e1b5def5a6f0a944c8cdefab67878c17ad89b6c24753c	301433	project-original-art	crhy and rhYciv contributors	GPL-3.0-only	https://github.com/crhy/rhYciv	none
RaylibUI/FOSSart/Wonders/shakespeare'stheatre.jpg	db2144a248fc49d12c49c7f170d5723f517543fa56f520fcf47adb3916a5e329	307623	project-original-art	crhy and rhYciv contributors	GPL-3.0-only	https://github.com/crhy/rhYciv	none
RaylibUI/FOSSart/Wonders/statueofliberty.jpg	94386c0c434ba000dc72d464a6619aa3244a012ff06878ba94edee41ba31e48a	259352	project-original-art	crhy and rhYciv contributors	GPL-3.0-only	https://github.com/crhy/rhYciv	none
RaylibUI/FOSSart/Wonders/suntzu'swaracademy.jpg	96f1ad0b0c54c2161b70823b331b7871117060c75d4e3ccaabf75a2aa618e722	530135	project-original-art	crhy and rhYciv contributors	GPL-3.0-only	https://github.com/crhy/rhYciv	none
RaylibUI/FOSSart/Wonders/unitednations.jpg	4ee81d47b68da9862669adafad359db7b5cda2c09077a50060e7eeb885a5e7c4	284496	project-original-art	crhy and rhYciv contributors	GPL-3.0-only	https://github.com/crhy/rhYciv	none
RaylibUI/FOSSart/Wonders/womenssuffrage.jpg	5a75a2e8bc2d1bb1a46547193b3929d9b396547425864b357ad7c66c1007bceb	235028	project-original-art	crhy and rhYciv contributors	GPL-3.0-only	https://github.com/crhy/rhYciv	none
RaylibUI/FOSSart/grassshield.jpg	39b2721ec09fd9ad18c5ba00cb5d1e315efb286bc3adfb31d733506611edfda5	171260	project-original-art	crhy and rhYciv contributors	GPL-3.0-only	https://github.com/crhy/rhYciv	none
RaylibUI/FOSSart/rhyciv-app-icon.png	1719c329c44e2f5c79529d473817086a52ec9a3622bc34d70a63051629dd6e80	1884464	project-original-art	crhy and rhYciv contributors	GPL-3.0-only	https://github.com/crhy/rhYciv	none
RaylibUI/FOSSart/shield.png	560a9b71b8251f1f358e093bd1557a38df64cef7b784035ba127593945b455ec	95304	project-original-art	crhy and rhYciv contributors	GPL-3.0-only	https://github.com/crhy/rhYciv	none
UI.Classic/Fonts/LiberationSans-Regular.ttf	76d04c18ea243f426b7de1f3ad208e927008f961dc5945e5aad352d0dfde8ee8	410712	third-party-font	Google Corporation and Red Hat, Inc.; Liberation Fonts contributors	OFL-1.1	https://github.com/liberationfonts/liberation-fonts	unmodified upstream font
UI.Classic/Fonts/LiberationSerif-Bold.ttf	d754ba427cfe0bca54ae052384baa8f842da5bd6550ad4da024ac441e7a7d5ce	370096	third-party-font	Google Corporation and Red Hat, Inc.; Liberation Fonts contributors	OFL-1.1	https://github.com/liberationfonts/liberation-fonts	unmodified upstream font
UI.Classic/Fonts/LiberationSerif-Regular.ttf	058ea80864aef09a23f45cbec2bb5400bc3dfbdea01c3f10538a21fcb497fb74	393576	third-party-font	Google Corporation and Red Hat, Inc.; Liberation Fonts contributors	OFL-1.1	https://github.com/liberationfonts/liberation-fonts	unmodified upstream font
UI.Classic/buttons.png	3351dea8171535941603a270f0e2a8a89993139469f93e755b857fbcbbb9a602	1016	upstream-project-original	Reuben Evans	GPL-3.0-only	https://github.com/axx0/Civ2-clone/commit/652bb54eb2a8f984ff6d0ec208e67dd4f17bd7db	none
UI.Classic/explorer_icons.png	a8d5e75c31e7ca771d3d5e675ac669b18cc055a95ad1624c2d420cbfc6eb4953	1800	upstream-project-original	axx0/Civ2-clone contributors	GPL-3.0-only	https://github.com/axx0/Civ2-clone/commit/19055289d19dd7ce1e65cd5bcc84135a46872e33	none
